S&P GSCI PET MON TOTAL RETURN,,,S&P GSCI GOLD MON TOTAL RETURN,,,,ICE LIBOR USD 3M,,S&P500,,,__&____ __,____,_____,____(%),,____,____,_____,____(%)
04/20/2018,1207.089,,04/20/2018,708.54,,04/20/2018,2.35923,,04/20/2018,2670.14,,XOM US Equity,358.70T,26.96T,10.06,,FCX US Equity,30.05T,2.30T,12.39
03/30/2018,1142.949,,03/30/2018,701.97,,03/30/2018,2.31175,,03/30/2018,2640.87,,RDSA LN Equity,316.32T,45.65T,13.24,,GMEXICOB MM Equity,28.25T,240.47B,2.54
02/28/2018,1075.767,,02/28/2018,699.13,,02/28/2018,2.01719,,02/28/2018,2713.83,,CVX US Equity,250.54T,23.86T,16.56,,3993 HK Equity,26.05T,278.46B,6.94
01/31/2018,1136.1,,01/31/2018,711.64,,01/31/2018,1.77777,,01/31/2018,2823.81,,857 HK Equity,227.53T,16.09T,4.77,,NEM US Equity,23.66T,7.95T,95.71
12/29/2017,1081.829,,12/29/2017,695.35,,12/29/2017,1.69428,,12/29/2017,2673.61,,FP FP Equity,176.83T,35.39T,15.6,,ABX CN Equity,16.45T,8.62T,92.62
11/30/2017,1016.506,,11/30/2017,677.31,,11/30/2017,1.48738,,11/30/2017,2647.58,,BP/ LN Equity,155.58T,24.03T,8.88,,2899 HK Equity,15.24T,7.81T,60.22
10/31/2017,981.991,,10/31/2017,675.6,,10/31/2017,1.38122,,10/31/2017,2575.26,,386 HK Equity,138.77T,26.36T,5.56,,FRES LN Equity,14.39T,1.31T,55.36
09/29/2017,928.117,,09/29/2017,682.55,,09/29/2017,1.33389,,09/29/2017,2519.36,,BLT LN Equity,130.27T,7.84T,18.37,,FNV CN Equity,14.20T,654.46B,87.1
08/31/2017,871.628,,08/31/2017,701.83,,08/31/2017,1.31778,,08/31/2017,2471.65,,BHP AU Equity,130.27T,7.84T,18.37,,ANTO LN Equity,14.13T,380.41B,7.09
07/31/2017,878.39,,07/31/2017,675.33,,07/31/2017,1.31056,,07/31/2017,2470.3,,RIL IN Equity,96.69T,1.51T,2.66,,G CN Equity,13.32T,2.86T,73.82
06/30/2017,804.444,,06/30/2017,662.08,,06/30/2017,1.29917,,06/30/2017,2423.41,,STL NO Equity,90.86T,2.22T,3.22,,NCM AU Equity,12.62T,3.96T,100
05/31/2017,842.385,,05/31/2017,679.16,,05/31/2017,1.21,,05/31/2017,2411.8,,COP US Equity,82.59T,32.89T,100,,AEM CN Equity,11.04T,2.42T,95.46
04/28/2017,860.551,,04/28/2017,676.76,,04/28/2017,1.17233,,04/28/2017,2384.2,,883 HK Equity,78.83T,23.84T,76.56,,FM CN Equity,10.93T,266.71B,7.13
03/31/2017,895.538,,03/31/2017,667.21,,03/31/2017,1.14956,,03/31/2017,2362.72,,ENI IM Equity,76.42T,8.18T,11.08,,WPM CN Equity,10.11T,479.11B,50.28
02/28/2017,951.921,,02/28/2017,670.11,,02/28/2017,1.064,,02/28/2017,2363.64,,EOG US Equity,70.69T,8.96T,70.62,,600547 CH Equity,9.70T,8.48T,99.29
01/31/2017,946.306,,01/31/2017,647.13,,01/31/2017,1.03456,,01/31/2017,2278.87,,SU CN Equity,67.30T,13.66T,44.01,,PE&OLES* MM Equity,8.85T,2.09T,41.05
12/30/2016,983.699,,12/30/2016,616.51,,12/30/2016,0.99789,,12/30/2016,2238.83,,OXY US Equity,62.76T,8.89T,58.81,,PLZL RM Equity,8.84T,2.35T,100
11/30/2016,909.591,,11/30/2016,628.13,,11/30/2016,0.93417,,11/30/2016,2198.81,,ROSN RM Equity,62.73T,63.98T,35.13,,358 HK Equity,8.25T,1.22T,3.45
10/31/2016,875.657,,10/31/2016,682.84,,10/31/2016,0.88428,,10/31/2016,2126.15,,GAZP RM Equity,59.69T,7.53T,6.96,,RRS LN Equity,8.15T,1.87T,100
09/30/2016,908.249,,09/30/2016,706.24,,09/30/2016,0.85367,,09/30/2016,2168.27,,LKOH RM Equity,59.19T,32.52T,31.21,,TRQ CN Equity,6.84T,147.80B,13.92
08/31/2016,851.056,,08/31/2016,702.99,,08/31/2016,0.83933,,08/31/2016,2170.95,,PTT TB Equity,56.65T,11.58T,17.42,,RGLD US Equity,6.28T,502.60B,100
07/29/2016,797.588,,07/29/2016,727.5,,07/29/2016,0.7591,,07/29/2016,2173.6,,CNQ CN Equity,46.31T,14.48T,99.39,,600489 CH Equity,5.63T,,
06/30/2016,932.415,,06/30/2016,711.48,,06/30/2016,0.6541,,06/30/2016,2098.86,,267 HK Equity,45.32T,7.63T,13.39,,LUN CN Equity,5.22T,121.17B,5.16
05/31/2016,956.416,,05/31/2016,655.78,,05/31/2016,0.6858,,05/31/2016,2096.96,,NVTK RM Equity,39.16T,8.35T,73.94,,K CN Equity,5.17T,3.73T,100
04/29/2016,911.665,,04/29/2016,696.27,,04/29/2016,0.6366,,04/29/2016,2065.3,,ONGC IN Equity,38.24T,15.04T,59.34,,BUENAVC1 PE Equity,4.83T,1.44T,100
03/31/2016,788.62,,03/31/2016,666.52,,03/31/2016,0.6286,,03/31/2016,2059.74,,APC US Equity,36.73T,10.11T,75.9,,POLY LN Equity,4.62T,1.54T,74.88
02/29/2016,728.6,,02/29/2016,666.31,,02/29/2016,0.6331,,02/29/2016,1932.23,,PXD US Equity,35.64T,6.07T,100,,EVN AU Equity,4.43T,1.27T,100
01/29/2016,750.238,,01/29/2016,602.45,,01/29/2016,0.6126,,01/29/2016,1940.24,,8001 JP Equity,35.47T,15.11T,29.63,,ANG SJ Equity,4.02T,4.92T,100
12/31/2015,830.862,,12/31/2015,572.19,,12/31/2015,0.6127,,12/31/2015,2043.94,,MAERSKB DC Equity,34.04T,221.51B,0.63,,KL CN Equity,3.78T,844.77B,100
11/30/2015,992.473,,11/30/2015,574.82,,11/30/2015,0.4162,,11/30/2015,2080.41,,REP SM Equity,32.26T,8.07T,13.9,,GFI SJ Equity,3.50T,3.18T,100
10/30/2015,1116.382,,10/30/2015,616.27,,10/30/2015,0.3341,,10/30/2015,2079.36,,TATN RM Equity,26.13T,7.01T,54.11,,NST AU Equity,3.16T,730.50B,100
09/30/2015,1109.096,,09/30/2015,602.12,,09/30/2015,0.325,,09/30/2015,1920.03,,IMO CN Equity,26.12T,8.34T,30.5,,VED LN Equity,3.05T,959.70B,7.22
08/31/2015,1232.559,,08/31/2015,611.43,,08/31/2015,0.329,,08/31/2015,1972.18,,CLR US Equity,25.73T,3.53T,100,,YRI CN Equity,3.01T,2.04T,100
07/31/2015,1210.48,,07/31/2015,591.19,,07/31/2015,0.3086,,07/31/2015,2103.84,,CXO US Equity,24.98T,3.01T,100,,BTO CN Equity,2.98T,721.79B,100
06/30/2015,1476.754,,06/30/2015,633.83,,06/30/2015,0.2832,,06/30/2015,2063.11,,SIBN RM Equity,24.93T,4.16T,11.56,,VOLCABC1 PE Equity,2.91T,825.67M,0.09
05/29/2015,1517.504,,05/29/2015,643.56,,05/29/2015,0.28375,,05/29/2015,2107.39,,5020 JP Equity,24.36T,1.74T,2.02,,1818 HK Equity,2.79T,1.06T,91.09
04/30/2015,1537.908,,04/30/2015,640.11,,04/30/2015,0.27875,,04/30/2015,2085.51,,WPL AU Equity,24.19T,2.71T,63,,IMG CN Equity,2.77T,1.24T,100
03/31/2015,1300.56,,03/31/2015,640.53,,03/31/2015,0.27075,,03/31/2015,2067.89,,OMV AV Equity,21.98T,1.69T,6.57,,CEY LN Equity,2.65T,763.42B,100
02/27/2015,1450.378,,02/27/2015,657.29,,02/27/2015,0.26185,,02/27/2015,2104.5,,1605 JP Equity,20.69T,9.04T,97.55,,IGO AU Equity,2.58T,182.13B,50.46
01/30/2015,1300.585,,01/30/2015,693.1,,01/30/2015,0.2531,,01/30/2015,1994.99,,SSE LN Equity,20.28T,53.10B,0.12,,000587 CH Equity,2.53T,1.36T,74.19
12/31/2014,1425.361,,12/31/2014,642.02,,12/31/2014,0.2556,,12/31/2014,2058.9,,DVN US Equity,19.96T,6.00T,38.05,,601069 CH Equity,2.42T,212.87B,91.34
11/28/2014,1760.88,,11/28/2014,637.33,,11/28/2014,0.2336,,11/28/2014,2067.56,,HES US Equity,19.52T,6.18T,100,,AGI CN Equity,2.29T,613.44B,100
10/31/2014,2113.69,,10/31/2014,635.68,,10/31/2014,0.2321,,10/31/2014,2018.05,,VEDL IN Equity,18.77T,1.40T,10.86,,SGL SJ Equity,2.28T,,
09/30/2014,2342.545,,09/30/2014,657.37,,09/30/2014,0.2351,,09/30/2014,1972.29,,SNGS RM Equity,18.32T,11.75T,61.81,,OZL AU Equity,2.27T,184.20B,20.79
08/29/2014,2506.397,,08/29/2014,698.49,,08/29/2014,0.2336,,08/29/2014,2003.37,,PTTEP TB Equity,18.05T,4.86T,92.85,,DGC CN Equity,2.21T,799.91B,100
07/31/2014,2561.914,,07/31/2014,695.97,,07/31/2014,0.2391,,07/31/2014,1930.67,,NBL US Equity,17.82T,4.59T,100,,HBM CN Equity,2.06T,147.86B,8.91
06/30/2014,2708.325,,06/30/2014,717.98,,06/30/2014,0.2307,,06/30/2014,1960.23,,GALP PL Equity,17.43T,1.33T,6.88,,002102 CH Equity,2.01T,191.93M,0.2
05/30/2014,2619.653,,05/30/2014,676.69,,05/30/2014,0.2274,,05/30/2014,1923.57,,APA US Equity,16.98T,6.55T,100,,002155 CH Equity,1.98T,943.96B,79.75
04/30/2014,2572.944,,04/30/2014,703.95,,04/30/2014,0.22335,,04/30/2014,1883.95,,MRO US Equity,16.48T,4.94T,100,,KOZAL TI Equity,1.96T,345.34B,100
03/31/2014,2573.166,,03/31/2014,697.35,,03/31/2014,0.2306,,03/31/2014,1872.34,,TECK/B CN Equity,16.43T,0,0,,EDV CN Equity,1.96T,736.94B,100
02/28/2014,2600.038,,02/28/2014,717.99,,02/28/2014,0.23565,,02/28/2014,1859.45,,HSE CN Equity,16.12T,5.70T,32.54,,RRL AU Equity,1.95T,466.02B,100
01/31/2014,2501.28,,01/31/2014,673.52,,01/31/2014,0.2366,,01/31/2014,1782.59,,4188 JP Equity,15.86T,6.09T,17.02,,CG CN Equity,1.92T,1.36T,100
12/31/2013,2574.34,,12/31/2013,653.44,,12/31/2013,0.2461,,12/31/2013,1848.36,,8002 JP Equity,13.88T,26.52T,22.49,,MNG MC Equity,1.91T,605.35B,100
11/29/2013,2499.04,,11/29/2013,679.54,,11/29/2013,0.2391,,11/29/2013,1805.81,,FANG US Equity,13.51T,1.35T,99.41,,002237 CH Equity,1.90T,1.66T,57.95
10/31/2013,2512.67,,10/31/2013,719.94,,10/31/2013,0.242,,10/31/2013,1756.54,,EQT US Equity,13.43T,3.51T,87.46,,002716 CH Equity,1.83T,109.54B,7.99
09/30/2013,2552.79,,09/30/2013,721.71,,09/30/2013,0.24885,,09/30/2013,1681.55,,ECA CN Equity,13.29T,3.47T,78.05,,THO CN Equity,1.81T,613.33B,73.98
08/30/2013,2674.48,,08/30/2013,759.27,,08/30/2013,0.2595,,08/30/2013,1632.97,,CVE CN Equity,12.70T,6.65T,43.7,,SBM AU Equity,1.80T,551.52B,100
07/31/2013,2571.89,,07/31/2013,714.05,,07/31/2013,0.2656,,07/31/2013,1685.73,,AKERBP NO Equity,12.33T,2.91T,100,,OGC CN Equity,1.79T,705.91B,83.99
06/28/2013,2392.24,,06/28/2013,666.62,,06/28/2013,0.2731,,06/28/2013,1606.28,,COG US Equity,11.41T,1.98T,100,,CDE US Equity,1.75T,585.42B,73
05/31/2013,2323.09,,05/31/2013,758.82,,05/31/2013,0.27525,,05/31/2013,1630.74,,TRGP US Equity,11.16T,1.52T,15.27,,MINSURI1 PE Equity,1.73T,134.59B,17.72
04/30/2013,2360.36,,04/30/2013,802.67,,04/30/2013,0.2731,,04/30/2013,1597.57,,ANDX US Equity,11.13T,417.02B,11.48,,HOC LN Equity,1.68T,410.93B,51.49
02/28/2013,2479.69,,02/28/2013,861.47,,02/28/2013,0.2871,,02/28/2013,1514.68,,PGN PW Equity,11.00T,925.28B,8.62,,HL US Equity,1.68T,313.52B,45.16
01/31/2013,2593.01,,01/31/2013,907.21,,01/31/2013,0.298,,01/31/2013,1498.11,,MOL HB Equity,10.39T,5.30T,31.32,,ANTM IJ Equity,1.67T,644.81B,60.33
12/31/2012,2452.67,,12/31/2012,915.88,,12/31/2012,0.306,,12/31/2012,1426.19,,XEC US Equity,10.29T,2.12T,97.69,,OR CN Equity,1.67T,185.58B,100
11/30/2012,2430.52,,11/30/2012,935.98,,11/30/2012,0.3105,,11/30/2012,1416.18,,LUPE SS Equity,10.28T,2.21T,100,,NG CN Equity,1.65T,0,
10/31/2012,2375.09,,10/31/2012,940.64,,10/31/2012,0.31275,,10/31/2012,1412.16,,PE US Equity,10.26T,1.07T,100,,600988 CH Equity,1.62T,146.69B,39.79
09/28/2012,2490.92,,09/28/2012,970.54,,09/28/2012,0.3585,,09/28/2012,1440.67,,OSH AU Equity,9.82T,0,0,,MFRISCOA MM Equity,1.57T,600.37B,69.79
08/31/2012,2562.02,,08/31/2012,923.25,,08/31/2012,0.41825,,08/31/2012,1406.58,,5019 JP Equity,8.45T,779.77B,2.31,,NGD CN Equity,1.53T,683.06B,100
07/31/2012,2323.9,,07/31/2012,883.23,,07/31/2012,0.4426,,07/31/2012,1379.32,,RSPP US Equity,8.36T,924.87B,100,,IMP SJ Equity,1.48T,105.33B,3.41
06/29/2012,2205.09,,06/29/2012,880.09,,06/29/2012,0.4606,,06/29/2012,1362.16,,IPL CN Equity,7.68T,626.67B,31.85,,PVG CN Equity,1.41T,201.09B,100
05/31/2012,2255.85,,05/31/2012,858.08,,05/31/2012,0.46685,,05/31/2012,1310.33,,WPX US Equity,7.14T,1.48T,98.13,,SSRM CN Equity,1.32T,405.90B,80.03
04/30/2012,2675.67,,04/30/2012,914.18,,04/30/2012,0.46585,,04/30/2012,1397.91,,EGN US Equity,7.07T,1.12T,100,,860 HK Equity,1.28T,0,0
03/30/2012,2683.91,,03/30/2012,918.34,,03/30/2012,0.46815,,03/30/2012,1408.47,,135 HK Equity,7.02T,251.88B,1.7,,SAR AU Equity,1.25T,363.60B,100
02/29/2012,2728.08,,02/29/2012,941.42,,02/29/2012,0.48425,,02/29/2012,1365.68,,ALFAA MM Equity,6.86T,123.58B,0.68,,246 HK Equity,1.09T,69.21B,100
01/31/2012,2517.97,,01/31/2012,957.36,,01/31/2012,0.54235,,01/31/2012,1312.41,,AR US Equity,6.70T,3.87T,77.23,,SFR AU Equity,1.09T,457.70B,100
12/30/2011,2468.02,,12/30/2011,863.37,,12/30/2011,0.581,,12/30/2011,1257.6,,OGDC PA Equity,6.59T,2.07T,95.54,,2303 HK Equity,1.09T,127.96B,100
11/30/2011,2518.15,,11/30/2011,964.48,,11/30/2011,0.52889,,11/30/2011,1246.96,,BANE RM Equity,6.56T,113.15B,0.86,,SMF CN Equity,1.04T,292.70B,100
10/31/2011,2413.16,,10/31/2011,951.95,,10/31/2011,0.42944,,10/31/2011,1253.3,,NFX US Equity,5.98T,2.00T,100,,HAR SJ Equity,932.19B,1.61T,100
09/30/2011,2140.61,,09/30/2011,895.15,,09/30/2011,0.37433,,09/30/2011,1131.42,,INARA CZ Equity,5.80T,759.34B,21.61,,TXG CN Equity,920.66B,355.88B,100
08/31/2011,2395.08,,08/31/2011,1010.68,,08/31/2011,0.32722,,08/31/2011,1218.89,,SNP RO Equity,5.64T,6.70T,100,,SSL CN Equity,914.02B,77.16B,100
07/29/2011,2503.66,,07/29/2011,900.01,,07/29/2011,0.2555,,07/29/2011,1292.28,,MUR US Equity,5.63T,2.51T,106.07,,ACA LN Equity,862.01B,841.16B,99.04
06/30/2011,2453.69,,06/30/2011,830.23,,06/30/2011,0.24575,,06/30/2011,1320.64,,CDEV US Equity,5.62T,485.10B,100,,ELD CN Equity,828.47B,442.34B,100
05/31/2011,2593.62,,05/31/2011,848.98,,05/31/2011,0.25288,,05/31/2011,1345.2,,VII CN Equity,5.24T,1.88T,100,,RSG AU Equity,811.00B,463.53B,100
04/29/2011,2842.85,,04/29/2011,860.51,,04/29/2011,0.273,,04/29/2011,1363.61,,TOU CN Equity,5.22T,1.36T,100,,GUY CN Equity,732.61B,225.44B,100
03/31/2011,2668.43,,03/31/2011,796.06,,03/31/2011,0.303,,03/31/2011,1325.83,,BBU-U CN Equity,4.96T,316.44B,1.23,,HGM LN Equity,713.47B,368.97B,100
02/28/2011,2489.85,,02/28/2011,780.24,,02/28/2011,0.3095,,02/28/2011,1327.22,,CPG CN Equity,4.96T,2.46T,100,,SOLG LN Equity,663.59B,,
01/31/2011,2362.25,,01/31/2011,738.43,,01/31/2011,0.30438,,01/31/2011,1286.12,,TLW LN Equity,4.83T,1.95T,100,,SEA CN Equity,654.48B,0,
12/31/2010,2294.74,,12/31/2010,787.51,,12/31/2010,0.30281,,12/31/2010,1257.64,,VET CN Equity,4.79T,891.57B,100,,NVO CN Equity,650.78B,,
11/30/2010,2117.78,,11/30/2010,767.85,,11/30/2010,0.30031,,11/30/2010,1180.55,,PTEN US Equity,4.76T,86.77B,3.25,,TMR CN Equity,615.58B,49.09B,100
10/29/2010,2054.8,,10/29/2010,753.16,,10/29/2010,0.28594,,10/29/2010,1183.26,,RDGZ KZ Equity,4.76T,2.49T,75.28,,GOR AU Equity,584.53B,0,
09/30/2010,2042.89,,09/30/2010,726.46,,09/30/2010,0.29,,09/30/2010,1141.2,,NFG US Equity,4.71T,702.60B,38.9,,ZIM AU Equity,570.95B,36.77B,6.29
08/31/2010,1862.33,,08/31/2010,693.48,,08/31/2010,0.29563,,08/31/2010,1049.33,,PGAS IJ Equity,4.33T,534.40B,15.92,,PSAB IJ Equity,566.04B,247.96B,100
07/30/2010,2017.05,,07/30/2010,656.56,,07/30/2010,0.45375,,07/30/2010,1101.6,,ARX CN Equity,4.17T,866.02B,88.61,,PX PM Equity,563.90B,121.81B,54.41
06/30/2010,1952.16,,06/30/2010,693.1,,06/30/2010,0.53394,,06/30/2010,1030.71,,OINL IN Equity,4.14T,1.54T,93.96,,PDL CN Equity,538.02B,18.63B,7.86
05/31/2010,1944.1,,05/31/2010,675.84,,05/31/2010,0.53625,,05/31/2010,1089.41,,SNG RO Equity,4.06T,816.32B,74.14,,ASR CN Equity,536.42B,236.30B,100
04/30/2010,2344.57,,04/30/2010,657.63,,04/30/2010,0.34656,,04/30/2010,1186.69,,PDCE US Equity,4.00T,1.03T,97.25,,600311 CH Equity,517.84B,27.84B,100
03/31/2010,2265.82,,03/31/2010,620.68,,03/31/2010,0.2915,,03/31/2010,1169.43,,WLL US Equity,3.93T,1.68T,100,,SVM CN Equity,509.17B,3.84B,2.05
02/26/2010,2149.92,,02/26/2010,623.77,,02/26/2010,0.25169,,02/26/2010,1104.49,,PPL PA Equity,3.90T,1.26T,100,,ATYM LN Equity,485.73B,126.71B,100
01/29/2010,1993.19,,01/29/2010,604.16,,01/29/2010,0.24906,,01/29/2010,1073.87,,000959 CH Equity,3.89T,28.47B,0.28,,DCN AU Equity,480.76B,,
12/31/2009,2183.65,,12/31/2009,611.78,,12/31/2009,0.25063,,12/31/2009,1115.1,,MTDR US Equity,3.87T,604.13B,100,,NCZ AU Equity,471.15B,0,
11/30/2009,2187.31,,11/30/2009,659.79,,11/30/2009,0.25656,,11/30/2009,1095.63,,CNX US Equity,3.86T,942.81B,57.33,,GSV CN Equity,466.80B,,
10/30/2009,2180.29,,10/30/2009,581.3,,10/30/2009,0.28063,,10/30/2009,1036.19,,DEDRL IT Equity,3.74T,476.55B,100,,WGX AU Equity,452.36B,375.71B,100
09/30/2009,2007.58,,09/30/2009,563.89,,09/30/2009,0.28688,,09/30/2009,1057.08,,RRC US Equity,3.66T,2.72T,100,,PG CN Equity,449.62B,226.95B,100
08/31/2009,2021.87,,08/31/2009,532.65,,08/31/2009,0.3475,,08/31/2009,1020.63,,VNOM US Equity,3.49T,194.42B,100,,PODERC1 PE Equity,443.34B,95.23B,98.9
07/31/2009,2075.15,,07/31/2009,533.86,,07/31/2009,0.47938,,07/31/2009,987.48,,BANPU TB Equity,3.46T,41.57B,1.22,,TGZ CN Equity,429.95B,329.64B,100
06/30/2009,2082.82,,06/30/2009,519.52,,06/30/2009,0.595,,06/30/2009,919.32,,OAS US Equity,3.46T,,,,MLX AU Equity,427.79B,,
05/29/2009,2001.7,,05/29/2009,549.06,,05/29/2009,0.65625,,05/29/2009,919.14,,JAG US Equity,3.30T,299.14B,100,,CS CN Equity,422.77B,26.05B,3.76
04/30/2009,1582.18,,04/30/2009,500.13,,04/30/2009,1.01625,,04/30/2009,872.81,,WCP CN Equity,3.28T,724.67B,100,,EDR CN Equity,419.45B,74.75B,43.95
03/31/2009,1606.6,,03/31/2009,519.02,,03/31/2009,1.19188,,03/31/2009,797.87,,5021 JP Equity,3.21T,232.01B,0.96,,PRU AU Equity,408.34B,242.93B,100
02/27/2009,1511.03,,02/27/2009,529.98,,02/27/2009,1.26438,,02/27/2009,735.09,,LTS PW Equity,3.21T,274.17B,3.79,,000409 CH Equity,399.25B,706.53M,0.18
01/30/2009,1636.09,,01/30/2009,521.93,,01/30/2009,1.18438,,01/30/2009,825.88,,QEP US Equity,3.18T,1.82T,100,,ROXG CN Equity,389.12B,172.88B,100
12/31/2008,1837.39,,12/31/2008,497.95,,12/31/2008,1.425,,12/31/2008,903.25,,CPE US Equity,3.07T,414.17B,100,,AR CN Equity,358.54B,175.27B,100
11/28/2008,2312.34,,11/28/2008,461.16,,11/28/2008,2.21688,,11/28/2008,896.24,,ERF CN Equity,3.06T,801.34B,100,,AVZ AU Equity,353.26B,0,
10/31/2008,2894.99,,10/31/2008,405.33,,10/31/2008,3.02625,,10/31/2008,968.75,,VED LN Equity,3.05T,1.40T,10.56,,POG LN Equity,344.99B,568.24B,100
09/30/2008,4304.89,,09/30/2008,496.75,,09/30/2008,4.0525,,09/30/2008,1166.36,,CHK US Equity,2.93T,10.73T,100,,ASO CN Equity,337.65B,110.51B,100
08/29/2008,4934.78,,08/29/2008,470.41,,08/29/2008,2.81063,,08/29/2008,1282.83,,KOS US Equity,2.93T,763.49B,100,,AT PM Equity,325.17B,27.86B,10.38
07/31/2008,5322.78,,07/31/2008,518.95,,07/31/2008,2.79125,,07/31/2008,1267.38,,SRCI US Equity,2.84T,409.74B,100,,TKO CN Equity,313.41B,1.86B,0.52
06/30/2008,6027.56,,06/30/2008,526.88,,06/30/2008,2.78313,,06/30/2008,1280,,PXT CN Equity,2.73T,679.06B,100,,AGB CN Equity,304.79B,0,
05/30/2008,5534.82,,05/30/2008,505.16,,05/30/2008,2.68063,,05/30/2008,1400.38,,WRD US Equity,2.70T,484.50B,100,,GSC CN Equity,301.35B,356.56B,100
04/30/2008,4868.78,,04/30/2008,491.84,,04/30/2008,2.85,,04/30/2008,1385.59,,SWN US Equity,2.67T,2.37T,65.68,,EUR FP Equity,285.83B,,
03/31/2008,4353.22,,03/31/2008,523.33,,03/31/2008,2.68813,,03/31/2008,1322.7,,LPI US Equity,2.66T,720.43B,75.76,,GDRZF US Equity,282.31B,0,
02/29/2008,4281.23,,02/29/2008,555.76,,02/29/2008,3.0575,,02/29/2008,1330.63,,SM US Equity,2.65T,1.42T,99.47,,AMI AU Equity,274.51B,,
01/31/2008,3865.9,,01/31/2008,528.02,,01/31/2008,3.11188,,01/31/2008,1378.55,,RNFT RM Equity,2.62T,30.67B,1.68,,3788 HK Equity,272.58B,156.23B,52.42
12/31/2007,4002.4,,12/31/2007,479.22,,12/31/2007,4.7025,,12/31/2007,1468.35,,XOG US Equity,2.58T,662.56B,100,,TBR AU Equity,269.87B,117.36B,100
11/30/2007,3711.62,,11/30/2007,450.06,,11/30/2007,5.13125,,11/30/2007,1481.14,,467 HK Equity,2.55T,641.08B,99.53,,LMI LN Equity,259.98B,24.01B,1.8
10/31/2007,3842.94,,10/31/2007,456.14,,10/31/2007,4.89375,,10/31/2007,1549.38,,TELL US Equity,2.52T,0,,,BGM CN Equity,253.47B,0,
09/28/2007,3321,,09/28/2007,428.6,,09/28/2007,5.22875,,09/28/2007,1526.75,,600803 CH Equity,2.45T,43.77B,3.92,,BRIO CN Equity,252.24B,246.25B,100
08/31/2007,2987.97,,08/31/2007,388.44,,08/31/2007,5.62125,,08/31/2007,1473.99,,DLEN IT Equity,2.37T,485.04B,100,,PAF LN Equity,245.46B,245.14B,100
07/31/2007,3136.44,,07/31/2007,385.52,,07/31/2007,5.35866,,07/31/2007,1455.28,,002911 CH Equity,2.36T,,,,APX PM Equity,242.27B,86.00B,100
06/29/2007,2897.53,,06/29/2007,374.79,,06/29/2007,5.36,,06/29/2007,1503.35,,DNO NO Equity,2.30T,392.61B,100,,RMS AU Equity,240.54B,169.62B,100
05/31/2007,2682.18,,05/31/2007,382.44,,05/31/2007,5.36,,05/31/2007,1530.62,,DLEKG IT Equity,2.09T,715.94B,33.26,,AKG CN Equity,236.25B,275.07B,100
04/30/2007,2762.659,,04/30/2007,394.17,,04/30/2007,5.355,,04/30/2007,1482.37,,CNE LN Equity,1.97T,,,,PNR AU Equity,232.99B,54.93B,100
03/30/2007,2817.328,,03/30/2007,384.18,,03/30/2007,5.35,,03/30/2007,1420.86,,DANA UH Equity,1.95T,306.05B,100,,KOR CN Equity,230.72B,,
02/28/2007,2667.076,,02/28/2007,388.32,,02/28/2007,5.34813,,02/28/2007,1406.82,,POU CN Equity,1.93T,406.26B,100,,WDO CN Equity,225.85B,83.60B,100
01/31/2007,2520.057,,01/31/2007,378.4,,01/31/2007,5.36,,01/31/2007,1438.24,,MEDC IJ Equity,1.77T,758.29B,87.53,,NGQ CN Equity,218.97B,0,
12/29/2006,2660.576,,12/29/2006,368.86,,12/29/2006,5.36,,12/29/2006,1418.3,,GNE NZ Equity,1.74T,98.91B,4.75,,SLR AU Equity,207.22B,,
11/30/2006,2835.199,,11/30/2006,376,,11/30/2006,5.37,,11/30/2006,1400.63,,GPOR US Equity,1.73T,1.25T,100,,661 HK Equity,202.97B,1.85T,27.22
10/31/2006,2677.548,,10/31/2006,351.48,,10/31/2006,5.37063,,10/31/2006,1377.94,,CRZO US Equity,1.67T,851.74B,100,,HRT CN Equity,202.47B,0,
09/29/2006,2904.383,,09/29/2006,348.46,,09/29/2006,5.37,,09/29/2006,1335.85,,FEC CN Equity,1.62T,1.42T,100,,LC PM Equity,197.85B,34.94B,96.37
08/31/2006,3322.911,,08/31/2006,364.32,,08/31/2006,5.3975,,08/31/2006,1303.82,,MEG CN Equity,1.61T,2.11T,100,,GCY AU Equity,191.26B,,
07/31/2006,3577.798,,07/31/2006,369.96,,07/31/2006,5.46563,,07/31/2006,1276.66,,1662 JP Equity,1.57T,1.67T,76.14,,3330 HK Equity,188.96B,27.01B,2.55
06/30/2006,3595.791,,06/30/2006,358.13,,06/30/2006,5.48063,,06/30/2006,1270.2,,MARI PA Equity,1.56T,1.05T,100,,HUM LN Equity,176.37B,0,
05/31/2006,3483.07,,05/31/2006,375.8,,05/31/2006,5.23813,,05/31/2006,1270.09,,TUSK US Equity,1.54T,313.42B,40.11,,WAF AU Equity,172.07B,0,
04/28/2006,3547.483,,04/28/2006,381.04,,04/28/2006,5.13,,04/28/2006,1310.61,,PEY CN Equity,1.54T,582.20B,100,,ML CN Equity,169.13B,0,
03/31/2006,3286.873,,03/31/2006,340.35,,03/31/2006,5,,03/31/2006,1294.83,,601015 CH Equity,1.53T,69.95B,4.47,,NUAG CN Equity,166.62B,0,
02/28/2006,3062.447,,02/28/2006,328.95,,02/28/2006,4.8225,,02/28/2006,1280.66,,POL PA Equity,1.53T,216.64B,75.44,,CDV AU Equity,165.52B,0,
01/31/2006,3424.57,,01/31/2006,334.56,,01/31/2006,4.68,,01/31/2006,1280.08,,600759 CH Equity,1.52T,177.15B,87.06,,VIT CN Equity,163.18B,0,
12/30/2005,3153.631,,12/30/2005,303.16,,12/30/2005,4.53625,,12/30/2005,1248.29,,NHC AU Equity,1.42T,16.09B,2.21,,DR0 GR Equity,163.18B,11.76B,100
11/30/2005,2997.232,,11/30/2005,290.41,,11/30/2005,4.42,,11/30/2005,1249.48,,HPR US Equity,1.38T,307.33B,100,,MAX CN Equity,162.05B,,
10/31/2005,3216.017,,10/31/2005,273.24,,10/31/2005,4.26,,10/31/2005,1207.01,,DNR US Equity,1.34T,1.18T,97.55,,3939 HK Equity,161.36B,2.32B,6.41
09/30/2005,3671.189,,09/30/2005,275.52,,09/30/2005,4.065,,09/30/2005,1228.81,,002266 CH Equity,1.33T,2.33B,1.21,,RIOZ ZH Equity,158.28B,73.06B,96.6
08/31/2005,3819.462,,08/31/2005,254.83,,08/31/2005,3.87,,08/31/2005,1220.33,,FRU CN Equity,1.33T,131.18B,100,,MYA CN Equity,154.30B,0,
07/29/2005,3271.759,,07/29/2005,252.7,,07/29/2005,3.7,,07/29/2005,1234.18,,NIIS SG Equity,1.33T,2.48T,84.34,,AOT CN Equity,149.31B,0,
06/30/2005,3097.373,,06/30/2005,256.32,,06/30/2005,3.51625,,06/30/2005,1191.33,,UNT US Equity,1.32T,404.30B,48.37,,LUM CN Equity,148.68B,0,
05/31/2005,2857.253,,05/31/2005,245.04,,05/31/2005,3.3375,,05/31/2005,1191.5,,GTE US Equity,1.31T,476.62B,100,,RND AU Equity,138.50B,29.90B,100
04/29/2005,2859.713,,04/29/2005,256.03,,04/29/2005,3.21,,04/29/2005,1156.85,,RRX CN Equity,1.28T,354.00B,100,,ITH CN Equity,138.02B,0,
03/31/2005,3205.361,,03/31/2005,252.53,,03/31/2005,3.12,,03/31/2005,1180.59,,SEPL LN Equity,1.26T,815.72B,100,,CGP CN Equity,137.94B,,
02/28/2005,2914.119,,02/28/2005,257.23,,02/28/2005,2.92,,02/28/2005,1203.6,,TOG CN Equity,1.23T,283.91B,100,,LNZL RM Equity,134.01B,216.85B,100
01/31/2005,2741.662,,01/31/2005,248.81,,01/31/2005,2.75,,01/31/2005,1181.27,,PGR LN Equity,1.21T,,,,BSX CN Equity,131.24B,,
12/31/2004,2455.278,,12/31/2004,258.02,,12/31/2004,2.56438,,12/31/2004,1211.92,,KEL CN Equity,1.19T,221.43B,110.71,,NUS CN Equity,129.91B,,
11/30/2004,2813.292,,11/30/2004,266.22,,11/30/2004,2.41,,11/30/2004,1173.82,,NVA CN Equity,1.18T,246.73B,100,,CTGO US Equity,128.10B,0,
10/29/2004,2951.925,,10/29/2004,252.93,,10/29/2004,2.17,,10/29/2004,1130.2,,MAU FP Equity,1.17T,433.71B,95.95,,PGM CN Equity,127.78B,0,
09/30/2004,2803.448,,09/30/2004,247.28,,09/30/2004,2.02,,09/30/2004,1114.58,,HUR LN Equity,1.15T,0,,,CGH LN Equity,123.78B,0,
08/31/2004,2367.128,,08/31/2004,242.24,,08/31/2004,1.8,,08/31/2004,1104.24,,CRC US Equity,1.15T,2.27T,100,,513 HK Equity,121.35B,1.32B,1.43
07/30/2004,2450.642,,07/30/2004,230.96,,07/30/2004,1.7,,07/30/2004,1101.72,,300008 CH Equity,1.09T,104.48B,37.39,,MTL LN Equity,120.77B,,
06/30/2004,2111.348,,06/30/2004,231.86,,06/30/2004,1.61,,06/30/2004,1140.84,,ENOG LN Equity,1.08T,,,,TLG AU Equity,118.67B,,
05/31/2004,2224.477,,05/31/2004,232.72,,05/31/2004,1.315,,05/31/2004,1120.68,,JOEL IT Equity,1.08T,583.79B,69.68,,TNG AU Equity,116.25B,0,
04/30/2004,2076.854,,04/30/2004,228.78,,04/30/2004,1.18,,04/30/2004,1107.31,,REI US Equity,1.07T,75.24B,100,,ALK AU Equity,114.46B,100.85B,100
03/31/2004,1926.694,,03/31/2004,252.67,,03/31/2004,1.11,,03/31/2004,1126.21,,PMO LN Equity,1.04T,1.18T,100,,CLA AU Equity,113.15B,0,
02/27/2004,1923.129,,02/27/2004,234.47,,02/27/2004,1.12,,02/27/2004,1144.94,,SPE CN Equity,991.28B,312.68B,100,,DRD SJ Equity,112.83B,196.07B,100
01/30/2004,1743.625,,01/30/2004,237.9,,01/30/2004,1.13,,01/30/2004,1131.13,,GPRK US Equity,971.24B,373.08B,100,,MGG CN Equity,112.49B,,
12/31/2003,1718.806,,12/31/2003,246.1,,12/31/2003,1.15188,,12/31/2003,1111.92,,BTE CN Equity,970.79B,739.50B,100,,GBU CN Equity,111.61B,0,
11/28/2003,1592.384,,11/28/2003,235.2,,11/28/2003,1.17188,,11/28/2003,1058.2,,1205 HK Equity,955.65B,157.81B,30.2,,NHK CN Equity,107.92B,0,
10/31/2003,1515.914,,10/31/2003,227.73,,10/31/2003,1.16938,,10/31/2003,1050.71,,601028 CH Equity,945.12B,182.84M,0.06,,KNT CN Equity,107.52B,,
09/30/2003,1504.916,,09/30/2003,228.43,,09/30/2003,1.16,,09/30/2003,995.97,,HK US Equity,934.03B,427.15B,100,,YOJ AU Equity,104.14B,114.22M,100
08/29/2003,1621.512,,08/29/2003,222.74,,08/29/2003,1.14,,08/29/2003,1008.01,,BIR CN Equity,912.51B,459.47B,99.94,,OKU AU Equity,103.97B,,
07/31/2003,1548.528,,07/31/2003,210.17,,07/31/2003,1.11438,,07/31/2003,990.31,,EC FP Equity,907.54B,955.85B,100,,WILR SP Equity,103.26B,0,
06/30/2003,1513.655,,06/30/2003,205.29,,06/30/2003,1.11625,,06/30/2003,974.5,,GENL LN Equity,898.42B,258.69B,100,,RUP CN Equity,103.12B,0,
05/30/2003,1423.119,,05/30/2003,216.55,,05/30/2003,1.28,,05/30/2003,963.59,,GLL SP Equity,869.64B,28.05B,7.02,,ARV AU Equity,103.06B,544.46M,100
04/30/2003,1268.647,,04/30/2003,201.32,,04/30/2003,1.31,,04/30/2003,916.92,,NOG LN Equity,862.20B,458.31B,100,,EGS AU Equity,102.94B,0,
03/31/2003,1447.51,,03/31/2003,199.65,,03/31/2003,1.27875,,03/31/2003,848.18,,RATIL IT Equity,853.18B,,,,621 HK Equity,101.70B,,
02/28/2003,1690.394,,02/28/2003,207.88,,02/28/2003,1.34,,02/28/2003,841.15,,WTI US Equity,831.95B,543.81B,98.79,,DRM AU Equity,101.02B,157.30B,100
01/31/2003,1499.432,,01/31/2003,218.84,,01/31/2003,1.35,,01/31/2003,855.7,,600461 CH Equity,814.60B,236.22B,44.89,,BRZL RM Equity,97.56B,108.74B,100
12/31/2002,1355.602,,12/31/2002,206.76,,12/31/2002,1.38,,12/31/2002,879.82,,SGY US Equity,807.54B,348.42B,100,,BTR CN Equity,97.24B,0,
11/29/2002,1172.603,,11/29/2002,188.51,,11/29/2002,1.425,,11/29/2002,936.31,,REN US Equity,797.16B,342.97B,100,,RZZ CN Equity,96.51B,300.15M,100
10/31/2002,1171.382,,10/31/2002,189.14,,10/31/2002,1.68625,,10/31/2002,885.76,,CAPX AR Equity,795.69B,34.76B,15.85,,BGS AU Equity,95.75B,,
09/30/2002,1289.544,,09/30/2002,192.91,,09/30/2002,1.79,,09/30/2002,815.28,,PVAC US Equity,741.85B,180.22B,100,,JAG CN Equity,95.75B,118.93B,100
08/30/2002,1232.959,,08/30/2002,185.94,,08/30/2002,1.80625,,08/30/2002,916.07,,2686 HK Equity,715.97B,90.64B,100,,MML AU Equity,95.70B,114.03B,100
07/31/2002,1134.874,,07/31/2002,180.54,,07/31/2002,1.82375,,07/31/2002,911.62,,000731 CH Equity,714.94B,10.91B,2.64,,ALO CN Equity,95.12B,118.11B,99.38
06/28/2002,1125.538,,06/28/2002,186.7,,06/28/2002,1.86,,06/28/2002,989.81,,ESTE US Equity,714.55B,121.34B,100,,HZM LN Equity,94.19B,,
05/31/2002,1076.322,,05/31/2002,194.53,,05/31/2002,1.89625,,05/31/2002,1067.14,,NFTA IT Equity,704.60B,582.28B,100,,CNMC SP Equity,94.17B,21.65B,100
04/30/2002,1145.514,,04/30/2002,183.98,,04/30/2002,1.92,,04/30/2002,1076.92,,FPM LN Equity,702.83B,148.38B,100,,PEX AU Equity,93.03B,,
02/28/2002,932.846,,02/28/2002,176.82,,02/28/2002,1.9,,02/28/2002,1106.73,,6828 HK Equity,699.56B,11.32B,11.96,,MRZ CN Equity,86.87B,0,
01/31/2002,860.857,,01/31/2002,168.15,,01/31/2002,1.88,,01/31/2002,1130.2,,OPCE IT Equity,692.18B,,,,TBP CN Equity,86.38B,0,
12/31/2001,890.232,,12/31/2001,166.01,,12/31/2001,1.88125,,12/31/2001,1148.08,,SOU LN Equity,688.08B,1.30B,100,,R CN Equity,85.59B,0,
11/30/2001,885.586,,11/30/2001,163.33,,11/30/2001,2.03188,,11/30/2001,1139.45,,332 HK Equity,668.05B,274.75B,20.66,,NM CN Equity,85.57B,0,
10/31/2001,968.165,,10/31/2001,166.74,,10/31/2001,2.2,,10/31/2001,1059.78,,ENQ LN Equity,660.32B,970.92B,99.42,,BDR AU Equity,85.21B,182.78B,100
09/28/2001,1094.702,,09/28/2001,174.41,,09/28/2001,2.59,,09/28/2001,1040.94,,CNE CN Equity,654.17B,179.59B,100,,EUR AU Equity,83.03B,0,
08/31/2001,1261.337,,08/31/2001,163.65,,08/31/2001,3.4625,,08/31/2001,1133.58,,MFGS RM Equity,644.45B,1.90T,100,,VGZ CN Equity,80.30B,0,
07/31/2001,1177.109,,07/31/2001,158.86,,07/31/2001,3.67,,07/31/2001,1211.23,,TVE CN Equity,642.49B,246.90B,111.45,,BBX AU Equity,80.27B,,
06/29/2001,1183.846,,06/29/2001,161.04,,06/29/2001,3.83625,,06/29/2001,1224.42,,PETR AR Equity,639.90B,222.86B,100,,CNG LN Equity,78.54B,,
05/31/2001,1294.151,,05/31/2001,157.98,,05/31/2001,3.99,,05/31/2001,1255.82,,ATH CN Equity,639.71B,660.22B,100,,ESM CN Equity,77.52B,0,
04/30/2001,1303.522,,04/30/2001,156.58,,04/30/2001,4.33625,,04/30/2001,1249.46,,DMLP US Equity,633.21B,68.59B,100,,ORG CN Equity,76.12B,0,
03/30/2001,1180.519,,03/30/2001,152.98,,03/30/2001,4.87875,,03/30/2001,1160.33,,BCEI US Equity,630.99B,217.13B,100,,AAZ LN Equity,73.60B,91.83B,100
02/28/2001,1209.641,,02/28/2001,158.49,,02/28/2001,5.0525,,02/28/2001,1239.94,,603689 CH Equity,629.21B,,,,PGLC US Equity,72.82B,0,
01/31/2001,1229.565,,01/31/2001,158,,01/31/2001,5.42125,,01/31/2001,1366.01,,OPHR LN Equity,624.20B,213.06B,100,,RED AU Equity,72.44B,58.89B,100
12/29/2000,1158.262,,12/29/2000,161.91,,12/29/2000,6.39875,,12/29/2000,1320.28,,ERN US Equity,623.23B,114.34B,100,,JRV AU Equity,69.50B,23.30M,100
11/30/2000,1403.384,,11/30/2000,160.96,,11/30/2000,6.715,,11/30/2000,1314.95,,AAV CN Equity,618.09B,171.92B,100,,ATC CN Equity,69.46B,0,
10/31/2000,1307.981,,10/31/2000,157.62,,10/31/2000,6.76,,10/31/2000,1429.4,,GLP US Equity,610.38B,524.65B,5.2,,OGX AU Equity,69.42B,,
09/29/2000,1253.315,,09/29/2000,162.94,,09/29/2000,6.81125,,09/29/2000,1436.51,,OBE CN Equity,609.14B,374.26B,100,,RMX CN Equity,68.71B,0,
08/31/2000,1305.107,,08/31/2000,165.19,,08/31/2000,6.68,,08/31/2000,1517.68,,300023 CH Equity,591.42B,4.88B,4.13,,ALEF CN Equity,68.63B,3.38B,100
07/31/2000,1058.899,,07/31/2000,164.96,,07/31/2000,6.72188,,07/31/2000,1430.83,,002476 CH Equity,560.53B,8.92B,5.69,,ZLD AU Equity,68.33B,0,
06/30/2000,1181.541,,06/30/2000,172.54,,06/30/2000,6.76938,,06/30/2000,1454.6,,SD US Equity,558.95B,429.79B,100,,QBL AU Equity,68.16B,,
05/31/2000,1033.924,,05/31/2000,161.88,,05/31/2000,6.8625,,05/31/2000,1420.6,,UPL US Equity,553.53B,1.01T,100,,SOSI SS Equity,67.99B,10.31M,100
04/28/2000,896.308,,04/28/2000,162.55,,04/28/2000,6.5025,,04/28/2000,1452.43,,GKP LN Equity,553.03B,225.45B,100,,TSG LN Equity,67.07B,52.42B,100
03/31/2000,907.352,,03/31/2000,165.77,,03/31/2000,6.29,,03/31/2000,1498.58,,SIA LN Equity,507.47B,179.28B,100,,SHG LN Equity,66.66B,116.80B,100
02/29/2000,953.693,,02/29/2000,174.04,,02/29/2000,6.10875,,02/29/2000,1366.42,,AXAS US Equity,505.05B,97.41B,100,,OM CN Equity,66.00B,0,
01/31/2000,844.806,,01/31/2000,168.55,,01/31/2000,6.0775,,01/31/2000,1394.46,,TTI US Equity,496.51B,608.02M,0.07,,BOE AU Equity,65.95B,0,
12/31/1999,766.802,,12/31/1999,171.03,,12/31/1999,6.00125,,12/31/1999,1469.25,,AWE AU Equity,494.38B,61.75B,100,,AGD AU Equity,65.89B,64.20B,100
11/30/1999,715.083,,11/30/1999,172.25,,11/30/1999,6.115,,11/30/1999,1388.91,,SXY AU Equity,493.94B,37.51B,100,,ATRI IN Equity,65.53B,,
10/29/1999,636.821,,10/29/1999,176.69,,10/29/1999,6.185,,10/29/1999,1362.93,,AOI CN Equity,490.99B,0,,,RPM CN Equity,64.31B,6.55B,100
09/30/1999,700.216,,09/30/1999,175.53,,09/30/1999,6.08375,,09/30/1999,1282.71,,CJ CN Equity,490.77B,234.64B,100,,DNG CN Equity,63.73B,114.93B,100
08/31/1999,632.813,,08/31/1999,150.21,,08/31/1999,5.52,,08/31/1999,1320.41,,PXP PM Equity,488.58B,2.34B,100,,TNY CN Equity,62.32B,11.00M,100
07/30/1999,579.636,,07/30/1999,150.44,,07/30/1999,5.3425,,07/30/1999,1328.72,,LGCY US Equity,480.54B,520.38B,100,,GGD CN Equity,62.01B,19.49B,100
06/30/1999,538.994,,06/30/1999,154.09,,06/30/1999,5.3675,,06/30/1999,1372.71,,EQTL IT Equity,472.18B,583.79B,70.36,,KGL AU Equity,61.96B,,
05/31/1999,466.386,,05/31/1999,158.33,,05/31/1999,5.06625,,05/31/1999,1301.84,,EPE US Equity,468.96B,1.16T,100,,LIO CN Equity,61.75B,0,
04/30/1999,514.913,,04/30/1999,167.99,,04/30/1999,4.98875,,04/30/1999,1335.18,,603 HK Equity,461.73B,45.01B,4.67,,NAG AU Equity,59.79B,522.20M,100
03/31/1999,478.119,,03/31/1999,163.96,,03/31/1999,5,,03/31/1999,1286.37,,PGF CN Equity,450.75B,383.48B,70.2,,MLN CN Equity,59.19B,24.85B,100
02/26/1999,349.952,,02/26/1999,168.03,,02/26/1999,5.02625,,02/26/1999,1238.33,,SGY CN Equity,437.16B,188.79B,100,,LEG AU Equity,58.84B,0,
01/29/1999,369.345,,01/29/1999,167.39,,01/29/1999,4.96953,,01/29/1999,1279.64,,IPCO SS Equity,434.77B,237.26B,100,,USCO CN Equity,56.67B,0,
12/31/1998,359.844,,12/31/1998,168.59,,12/31/1998,5.06563,,12/31/1998,1229.23,,YGR CN Equity,428.89B,64.65B,100,,SRB LN Equity,56.35B,54.76B,100
11/30/1998,348.06,,11/30/1998,171.37,,11/30/1998,5.28266,,11/30/1998,1163.63,,BNE CN Equity,425.21B,163.94B,100,,GQC CN Equity,54.62B,0,
10/30/1998,452.195,,10/30/1998,171.18,,10/30/1998,5.21953,,10/30/1998,1098.67,,S CN Equity,417.45B,110.54B,13.84,,KRM AU Equity,54.03B,17.58B,95.96
09/30/1998,502.558,,09/30/1998,173.68,,09/30/1998,5.3125,,09/30/1998,1017.01,,SBOW US Equity,414.15B,221.41B,100,,KCN AU Equity,53.32B,134.03B,88.55
08/31/1998,424.409,,08/31/1998,161.36,,08/31/1998,5.625,,08/31/1998,957.28,,BRMR US Equity,409.51B,129.81B,65.46,,MQR CN Equity,52.90B,0,
07/31/1998,455.01,,07/31/1998,167.36,,07/31/1998,5.6875,,07/31/1998,1120.67,,7 HK Equity,409.05B,,,,1194 HK Equity,52.41B,102.95B,89.89
06/30/1998,486.151,,06/30/1998,173.5,,06/30/1998,5.6875,,06/30/1998,1133.84,,ECR US Equity,407.58B,431.07B,100,,KER CN Equity,50.58B,0,
05/29/1998,536.516,,05/29/1998,170.99,,05/29/1998,5.6875,,05/29/1998,1090.82,,208 HK Equity,400.35B,11.56B,36.62,,COP CN Equity,49.37B,0,
04/30/1998,572.265,,04/30/1998,178.96,,04/30/1998,5.71875,,04/30/1998,1111.75,,DGOC LN Equity,398.37B,21.20B,100,,MWX CN Equity,49.13B,,
03/31/1998,581.146,,03/31/1998,175.55,,,,,03/31/1998,1101.75,,HIBI MK Equity,390.84B,1.18B,1.71,,TON AU Equity,48.90B,,
02/27/1998,588.728,,02/27/1998,173.94,,,,,02/27/1998,1049.34,,MPO US Equity,390.42B,258.52B,100,,RBX CN Equity,48.76B,0,
01/30/1998,657.905,,01/30/1998,175.85,,,,,01/30/1998,980.28,,FTMR US Equity,379.05B,0,,,GMN AU Equity,48.72B,28.25M,
12/31/1997,677.003,,12/31/1997,167.52,,,,,12/31/1997,970.43,,FAR AU Equity,372.79B,,,,CAI AU Equity,48.67B,,
11/28/1997,737.602,,11/28/1997,171.73,,,,,11/28/1997,955.4,,PHX US Equity,368.07B,52.97B,100,,VAST LN Equity,47.50B,27.29B,100
10/31/1997,803.812,,10/31/1997,179.53,,,,,10/31/1997,914.62,,PXX CN Equity,367.85B,109.74B,100,,NUG CN Equity,46.97B,0,
09/30/1997,806.862,,09/30/1997,192.97,,,,,09/30/1997,947.28,,SQTX US Equity,362.81B,0,,,CMM AU Equity,46.75B,,
08/29/1997,757.423,,08/29/1997,186.69,,,,,08/29/1997,899.47,,FRHC US Equity,358.08B,0,,,ORN AU Equity,46.68B,0,
07/31/1997,772.186,,07/31/1997,186.6,,,,,07/31/1997,954.29,,IPEKE TI Equity,355.63B,363.04B,87.55,,ER CN Equity,46.10B,0,
06/30/1997,740.462,,06/30/1997,191.68,,,,,06/30/1997,885.14,,TETY SS Equity,347.46B,101.01B,100,,DGR AU Equity,45.89B,,
05/30/1997,787.608,,05/30/1997,197.81,,,,,05/30/1997,848.28,,LMC CN Equity,344.19B,218.90B,100,,GRG CN Equity,45.64B,0,
04/30/1997,764.007,,04/30/1997,194.92,,,,,04/30/1997,801.34,,AMER LN Equity,332.23B,104.57B,100,,MJS CN Equity,45.36B,33.70B,100
03/31/1997,764.82,,03/31/1997,201.36,,,,,03/31/1997,757.12,,NOR NO Equity,325.17B,1.52B,100,,GCM CN Equity,44.93B,243.39B,100
02/28/1997,756.132,,02/28/1997,208.06,,,,,02/28/1997,790.82,,BNP CN Equity,314.70B,467.29B,100,,CGT CN Equity,44.75B,,
01/31/1997,879.847,,01/31/1997,196.41,,,,,01/31/1997,786.16,,QEC CN Equity,311.27B,17.64B,100,,ATM CN Equity,44.20B,,
,,,,,,,,,,,,FO CN Equity,309.18B,7.91M,100,,EGM CN Equity,44.10B,0,
,,,,,,,,,,,,ISRL US Equity,308.06B,54.02B,72.35,,FML AU Equity,43.58B,2.60M,
,,,,,,,,,,,,CR CN Equity,307.85B,174.08B,100,,TMI CN Equity,43.32B,,
,,,,,,,,,,,,EPM US Equity,298.68B,39.32B,100,,P CN Equity,43.05B,84.74B,81.7
,,,,,,,,,,,,ELA LN Equity,294.83B,77.88B,100,,TTM AU Equity,43.04B,,
,,,,,,,,,,,,SN US Equity,288.03B,836.68B,100,,8299 HK Equity,42.95B,19.48B,100
,,,,,,,,,,,,AREX US Equity,272.01B,114.13B,100,,GPY CN Equity,42.93B,0,
,,,,,,,,,,,,ATS AU Equity,268.31B,26.39B,100,,TXR CN Equity,42.21B,0,
,,,,,,,,,,,,ZN US Equity,263.02B,0,,,BSR AU Equity,42.16B,3.46M,100
,,,,,,,,,,,,CASP LN Equity,260.02B,1.82B,100,,TRY AU Equity,41.57B,78.87B,100
,,,,,,,,,,,,SRX CN Equity,255.71B,101.25B,102.07,,VXR AU Equity,41.43B,668.17M,100
,,,,,,,,,,,,BBI CN Equity,239.52B,5.02B,100,,RIO CN Equity,40.18B,,
,,,,,,,,,,,,NOG US Equity,228.41B,236.56B,100,,TAM AU Equity,39.62B,143.53M,100
,,,,,,,,,,,,166 HK Equity,215.64B,,,,PUF CN Equity,39.61B,121.51M,100
,,,,,,,,,,,,8103 JP Equity,215.36B,385.12B,26.97,,NSHS CN Equity,39.61B,0,
,,,,,,,,,,,,CONA CN Equity,214.18B,290.37B,100,,OOO CN Equity,39.49B,0,
,,,,,,,,,,,,EGC US Equity,213.69B,578.23B,100,,SVY AU Equity,39.33B,0,
,,,,,,,,,,,,AE US Equity,208.19B,1.61B,0.11,,MTO CN Equity,39.22B,48.37B,100
,,,,,,,,,,,,SNMP US Equity,196.51B,99.62B,100,,IRC AU Equity,39.20B,,
,,,,,,,,,,,,ENRG IJ Equity,195.78B,705.89B,100,,RML CN Equity,38.96B,0,
,,,,,,,,,,,,ALGS IT Equity,193.81B,73.49B,100,,XR CN Equity,38.29B,0,
,,,,,,,,,,,,DNEX MK Equity,190.88B,8.09B,16.2,,SMG AU Equity,37.73B,0,
,,,,,,,,,,,,850 HK Equity,188.72B,0,0,,BRB AU Equity,37.59B,0,
,,,,,,,,,,,,SDX LN Equity,186.15B,44.26B,100,,AVQ AU Equity,37.43B,33.28M,
,,,,,,,,,,,,2012 HK Equity,179.64B,,,,SSP CN Equity,36.84B,0,
,,,,,,,,,,,,RKH LN Equity,175.48B,8.60B,100,,AOP AU Equity,36.50B,,
,,,,,,,,,,,,GST US Equity,174.96B,81.52B,100,,ORR AU Equity,36.48B,0,
,,,,,,,,,,,,663 HK Equity,172.43B,1.13B,42.95,,ENDO SS Equity,35.70B,,
,,,,,,,,,,,,EXI LN Equity,172.06B,147.24B,100,,CHN AU Equity,34.37B,,
,,,,,,,,,,,,ORC/B CN Equity,161.51B,58.60B,100,,UPM PM Equity,34.33B,0,
,,,,,,,,,,,,VJGZ RM Equity,159.85B,683.48B,100,,SKE CN Equity,34.31B,,
,,,,,,,,,,,,SAS AU Equity,158.92B,0,,,ANX CN Equity,33.87B,22.19B,100
,,,,,,,,,,,,BLVN LN Equity,158.32B,,,,TSG CN Equity,33.32B,0,
,,,,,,,,,,,,CDEV IT Equity,157.14B,,,,PDO CN Equity,33.15B,110.18M,100
,,,,,,,,,,,,SNM CN Equity,154.39B,19.99B,100,,GRR CN Equity,33.14B,0,
,,,,,,,,,,,,GSP IM Equity,150.36B,38.51B,31.43,,1195 HK Equity,32.32B,0,0
,,,,,,,,,,,,COI AU Equity,150.25B,,,,RGD CN Equity,32.30B,0,
,,,,,,,,,,,,AEX LN Equity,148.02B,5.72B,100,,CGLD CN Equity,32.08B,4.47B,100
,,,,,,,,,,,,PNRG US Equity,146.16B,75.59B,80.98,,WLF CN Equity,31.93B,0,
,,,,,,,,,,,,GEEC LN Equity,143.39B,,,,KIN AU Equity,31.90B,0,
,,,,,,,,,,,,LEK LN Equity,140.27B,0,,,GIII CN Equity,31.64B,0,
,,,,,,,,,,,,SEA AU Equity,139.60B,110.62B,93.75,,ODM AU Equity,31.60B,0,
,,,,,,,,,,,,DEE CN Equity,138.95B,82.08B,99.66,,BCN AU Equity,31.47B,6.42B,100
,,,,,,,,,,,,702 HK Equity,138.82B,8.59B,17.23,,AWV AU Equity,31.42B,0,
,,,,,,,,,,,,KRIS SP Equity,135.95B,159.01B,100,,MBM AU Equity,31.41B,0,
,,,,,,,,,,,,YAKG RM Equity,135.74B,78.15B,100,,NGZ CN Equity,31.38B,0,
,,,,,,,,,,,,G3E LN Equity,132.68B,26.26B,100,,ERM AU Equity,31.02B,0,
,,,,,,,,,,,,LONE US Equity,129.67B,109.82B,100,,SGQ AU Equity,30.95B,0,
,,,,,,,,,,,,BUL AU Equity,128.22B,0,,,AUR SS Equity,30.93B,50.34B,100
,,,,,,,,,,,,TGL CN Equity,123.94B,167.79B,100,,FAT CN Equity,30.68B,0,
,,,,,,,,,,,,EPS CN Equity,119.50B,21.84B,71.74,,PE CN Equity,30.50B,0,
,,,,,,,,,,,,BRU AU Equity,117.24B,6.84B,100,,PGO AU Equity,30.30B,,
,,,,,,,,,,,,GNE US Equity,114.63B,0,0,,AZX CN Equity,30.21B,0,
,,,,,,,,,,,,RPT LN Equity,108.07B,29.76B,100,,CAY AU Equity,29.83B,,
,,,,,,,,,,,,MVN CN Equity,105.29B,36.00B,100,,4CE AU Equity,29.70B,,
,,,,,,,,,,,,PRP ID Equity,103.20B,,,,KTN CN Equity,29.52B,0,
,,,,,,,,,,,,JCO CN Equity,102.39B,340.69M,100,,ME CN Equity,29.17B,0,
,,,,,,,,,,,,MCF US Equity,100.20B,88.77B,100,,DHR AU Equity,28.92B,8.03B,100
,,,,,,,,,,,,ROYE US Equity,99.58B,247.21B,100,,GSR CN Equity,28.83B,,
,,,,,,,,,,,,ELK AU Equity,99.46B,4.25B,100,,EGA AU Equity,28.69B,0,
,,,,,,,,,,,,TRIN LN Equity,98.79B,40.94B,100,,SOI CN Equity,28.63B,0,
,,,,,,,,,,,,8011 HK Equity,97.14B,,,,EOX CN Equity,28.43B,0,
,,,,,,,,,,,,SLG CN Equity,95.02B,,,,SIH AU Equity,27.45B,453.79k,
,,,,,,,,,,,,IPO CN Equity,93.11B,48.72B,100,,NTL NZ Equity,26.77B,0,
,,,,,,,,,,,,VOC US Equity,91.66B,,,,GGP LN Equity,26.65B,0,
,,,,,,,,,,,,TRCH US Equity,90.89B,644.74M,100,,XIA CN Equity,26.64B,,
,,,,,,,,,,,,ECHO LN Equity,90.13B,,,,ORV CN Equity,26.44B,157.76B,100
,,,,,,,,,,,,MAHAA SS Equity,88.46B,,,,NPK CN Equity,26.22B,0,
,,,,,,,,,,,,CRK US Equity,87.51B,288.56B,100,,KAI AU Equity,26.15B,0,
,,,,,,,,,,,,CTP AU Equity,87.22B,21.31B,100,,BTLN US Equity,26.05B,,
,,,,,,,,,,,,VYEY US Equity,87.12B,0,,,AKKU IJ Equity,25.81B,,
,,,,,,,,,,,,TNP CN Equity,85.21B,64.01B,100,,MAT AU Equity,25.46B,0,
,,,,,,,,,,,,SLL CN Equity,84.87B,0,,,SNS CN Equity,25.22B,13.18B,100
,,,,,,,,,,,,CRBO US Equity,82.77B,22.96B,100,,USAU US Equity,25.21B,,
,,,,,,,,,,,,PANR LN Equity,82.14B,0,,,766 HK Equity,24.89B,30.04M,0.74
,,,,,,,,,,,,GXO CN Equity,80.84B,34.03B,100,,TAR AU Equity,24.55B,,
,,,,,,,,,,,,WRL NO Equity,77.90B,15.19B,100,,ARE AU Equity,24.18B,,
,,,,,,,,,,,,APHE US Equity,77.52B,5.05M,100,,ALAUP FP Equity,24.01B,12.39B,100
,,,,,,,,,,,,OXC CN Equity,77.15B,23.65B,100,,02P GR Equity,23.73B,,
,,,,,,,,,,,,EOG CN Equity,76.86B,0,,,PXX AU Equity,23.58B,23.61M,100
,,,,,,,,,,,,DENR US Equity,76.66B,0,,,SWJ AU Equity,23.48B,0,
,,,,,,,,,,,,GBLF MK Equity,73.99B,39.62M,0.08,,LPK CN Equity,23.35B,,
,,,,,,,,,,,,AMYT LN Equity,72.26B,1.73B,100,,MRP AU Equity,23.09B,,
,,,,,,,,,,,,BXE CN Equity,69.80B,194.14B,100,,TAS AU Equity,22.74B,,
,,,,,,,,,,,,VCLF IN Equity,69.34B,139.16B,6.36,,AAU LN Equity,22.72B,,
,,,,,,,,,,,,VOG LN Equity,68.97B,37.98B,100,,CTM AU Equity,22.61B,,
,,,,,,,,,,,,JONE US Equity,68.65B,288.66B,100,,QTMM US Equity,22.42B,282.32M,100
,,,,,,,,,,,,LKO AU Equity,68.15B,0,,,ECR CN Equity,22.13B,0,
,,,,,,,,,,,,CHAR LN Equity,67.35B,0,,,ELO CN Equity,21.82B,0,
,,,,,,,,,,,,REN SJ Equity,67.03B,139.05M,25.25,,MMY CN Equity,21.72B,17.92B,100
,,,,,,,,,,,,VGAS LN Equity,66.30B,41.89B,100,,KMT CN Equity,21.56B,,
,,,,,,,,,,,,EMR AU Equity,65.98B,217.54M,,,KG CN Equity,21.56B,0,
,,,,,,,,,,,,BOE AU Equity,65.95B,,,,SPA CN Equity,21.47B,0,
,,,,,,,,,,,,ASND CN Equity,64.95B,66.90B,100,,AUR AU Equity,21.46B,,
,,,,,,,,,,,,IBR CN Equity,63.83B,26.48B,100,,LRA CN Equity,21.16B,0,
,,,,,,,,,,,,JKX LN Equity,62.01B,81.26B,94.89,,AAR AU Equity,21.02B,0,
,,,,,,,,,,,,3395 HK Equity,61.61B,14.22B,100,,GWA CN Equity,20.89B,0,
,,,,,,,,,,,,MCEP US Equity,61.34B,66.60B,100,,MCI CN Equity,20.75B,0,
,,,,,,,,,,,,EGY US Equity,61.20B,87.05B,100,,BAR AU Equity,20.65B,47.36M,100
,,,,,,,,,,,,SXT IN Equity,61.18B,,,,AGC CN Equity,20.56B,0,
,,,,,,,,,,,,051780 KS Equity,60.79B,1.58B,10.26,,NJMC US Equity,20.41B,,
,,,,,,,,,,,,EMTC US Equity,58.37B,,,,RVG CN Equity,20.25B,,
,,,,,,,,,,,,JOY CN Equity,56.75B,84.79B,100,,WKM CN Equity,20.15B,,
,,,,,,,,,,,,GSPE US Equity,56.50B,0,,,MMA CN Equity,19.99B,,
,,,,,,,,,,,,4O1 BU Equity,55.63B,11.04B,41.38,,HGM AU Equity,19.74B,0,
,,,,,,,,,,,,AFE CN Equity,53.72B,0,,,CXB CN Equity,19.73B,0,
,,,,,,,,,,,,ENSV US Equity,52.53B,46.06B,100,,MCA AU Equity,19.70B,0,
,,,,,,,,,,,,CDH CN Equity,52.22B,6.39B,95.63,,DTR AU Equity,19.68B,,
,,,,,,,,,,,,STX AU Equity,52.21B,0,,,ADGO US Equity,19.67B,21.06M,100
,,,,,,,,,,,,SR TB Equity,51.37B,16.02B,49.25,,BEW CN Equity,19.46B,0,
,,,,,,,,,,,,ROE CN Equity,51.12B,,,,WPG AU Equity,19.40B,69.98B,100
,,,,,,,,,,,,CERP LN Equity,49.82B,7.12B,100,,ACHR SP Equity,19.18B,0,
,,,,,,,,,,,,SRSP LN Equity,49.49B,0,,,CCZ AU Equity,19.08B,0,
,,,,,,,,,,,,POE CN Equity,48.97B,0,,,NVX CN Equity,18.99B,0,
,,,,,,,,,,,,AMAZ US Equity,48.56B,,,,8028 HK Equity,18.83B,4.85B,50.45
,,,,,,,,,,,,NEGY US Equity,47.27B,0,,,CYP CN Equity,18.59B,0,
,,,,,,,,,,,,OV PM Equity,47.27B,,,,GML AU Equity,18.58B,0,
,,,,,,,,,,,,CAB LN Equity,46.83B,4.22B,100,,GBR AU Equity,18.58B,,
,,,,,,,,,,,,WRES LN Equity,44.92B,219.18M,100,,LODE US Equity,18.36B,117.91M,100
,,,,,,,,,,,,SOG CN Equity,44.48B,29.28B,100,,GDX CN Equity,17.96B,0,
,,,,,,,,,,,,SEY LN Equity,44.20B,5.01B,100,,RPX CN Equity,17.90B,0,
,,,,,,,,,,,,HNR LN Equity,40.32B,,,,AUL AU Equity,17.73B,0,
,,,,,,,,,,,,TOU AU Equity,39.29B,,,,GEO LN Equity,17.70B,,
,,,,,,,,,,,,PRHR US Equity,36.94B,12.55B,100,,MIRL CN Equity,17.50B,33.82B,100
,,,,,,,,,,,,AST LN Equity,36.70B,0,,,GAL CN Equity,17.36B,,
,,,,,,,,,,,,ATU CN Equity,36.20B,14.28B,100,,QMX CN Equity,17.25B,13.25B,100
,,,,,,,,,,,,PMT CN Equity,36.18B,65.72B,100,,MVT CN Equity,16.91B,0,
,,,,,,,,,,,,RRL CN Equity,36.11B,1.63B,100,,MEI AU Equity,16.86B,0,
,,,,,,,,,,,,IFR CN Equity,35.35B,0,,,GOM CN Equity,16.73B,0,
,,,,,,,,,,,,RSRV US Equity,35.30B,7.30B,100,,AZM CN Equity,16.45B,0,
,,,,,,,,,,,,8132 HK Equity,34.41B,,,,HPQ CN Equity,16.40B,0,
,,,,,,,,,,,,EEG AU Equity,34.34B,15.76B,100,,CMC CN Equity,16.38B,0,
,,,,,,,,,,,,EEL SJ Equity,34.09B,,,,MGZ/H CN Equity,16.26B,39.76B,100
,,,,,,,,,,,,IKM CN Equity,33.58B,34.51B,100,,IVS CN Equity,16.20B,0,
,,,,,,,,,,,,MCF CN Equity,33.55B,,,,DSE AU Equity,16.19B,2.21B,100
,,,,,,,,,,,,ZOL LN Equity,33.11B,34.45B,100,,AUC AU Equity,16.14B,2.02M,100
,,,,,,,,,,,,AJQ AU Equity,32.99B,531.38M,100,,NLI AU Equity,15.94B,0,
,,,,,,,,,,,,CAD LN Equity,32.81B,22.84B,100,,REL AU Equity,15.94B,25.58M,
,,,,,,,,,,,,GIVOL IT Equity,32.42B,,,,WDG CN Equity,15.83B,0,
,,,,,,,,,,,,LPHLL IT Equity,32.00B,820.50M,100,,CAS AU Equity,15.72B,0,
,,,,,,,,,,,,ALEN SP Equity,31.82B,,,,CLH CN Equity,15.45B,0,
,,,,,,,,,,,,NGY/H CN Equity,31.75B,0,,,MED CN Equity,15.44B,,
,,,,,,,,,,,,SEN CN Equity,31.69B,7.09B,100,,RDS CN Equity,15.17B,0,
,,,,,,,,,,,,76 HK Equity,31.32B,5.29B,7.29,,FOD AU Equity,14.99B,27.21B,100
,,,,,,,,,,,,TAO CN Equity,30.86B,20.41B,100,,CCW CN Equity,14.68B,0,
,,,,,,,,,,,,YUMA US Equity,30.40B,28.75B,100,,HAW AU Equity,14.53B,0,
,,,,,,,,,,,,JNX CN Equity,29.82B,82.97M,14.73,,COR CN Equity,14.52B,0,
,,,,,,,,,,,,PDR NO Equity,29.60B,0,0,,MCT AU Equity,14.27B,424.50M,100
,,,,,,,,,,,,IOG LN Equity,29.17B,0,,,DRA AU Equity,14.25B,35.74B,100
,,,,,,,,,,,,ITRR SP Equity,29.13B,,,,FTR CN Equity,14.13B,0,
,,,,,,,,,,,,IOX NO Equity,29.06B,17.49B,100,,BDG CN Equity,13.94B,0,
,,,,,,,,,,,,TXP CN Equity,28.77B,20.05B,100,,TRA CN Equity,13.92B,762.67k,100
,,,,,,,,,,,,WCM/A CN Equity,28.64B,,,,YNV CN Equity,13.84B,0,
,,,,,,,,,,,,SPND US Equity,28.33B,5.08B,84.99,,AZM AU Equity,13.80B,0,
,,,,,,,,,,,,ANGS LN Equity,27.43B,,,,NTM AU Equity,13.57B,,
,,,,,,,,,,,,CSMS SP Equity,27.22B,47.14B,74.78,,DNT CN Equity,13.50B,,
,,,,,,,,,,,,APCL NO Equity,26.93B,,,,PAT LN Equity,13.48B,,
,,,,,,,,,,,,MATRA SS Equity,26.19B,,,,VLT AU Equity,13.47B,2.37B,100
,,,,,,,,,,,,CWX SP Equity,25.43B,7.33B,100,,MGU AU Equity,13.34B,,
,,,,,,,,,,,,3GOK GR Equity,25.31B,,,,BN/H CN Equity,13.25B,0,
,,,,,,,,,,,,RRS AU Equity,24.99B,9.62B,100,,FVL CN Equity,13.18B,0,
,,,,,,,,,,,,CE1 AU Equity,24.62B,0,,,ECPN US Equity,13.14B,0,
,,,,,,,,,,,,POND CN Equity,24.50B,1.31B,100,,WWI AU Equity,12.99B,,
,,,,,,,,,,,,AB1 AU Equity,24.50B,5.62B,100,,JG CN Equity,12.93B,,
,,,,,,,,,,,,DOME SS Equity,24.27B,4.99B,100,,AGD CN Equity,12.91B,0,
,,,,,,,,,,,,91 HK Equity,24.22B,,,,KOPY SS Equity,12.88B,,
,,,,,,,,,,,,SWALA TZ Equity,23.39B,,,,GXS CN Equity,12.85B,,
,,,,,,,,,,,,PTRC US Equity,23.01B,30.52M,100,,PUMA CN Equity,12.82B,0,
,,,,,,,,,,,,EDR LN Equity,22.88B,1.50B,100,,NAR CN Equity,12.82B,0,
,,,,,,,,,,,,TAS AU Equity,22.74B,816.03M,100,,KRS LN Equity,12.76B,,
,,,,,,,,,,,,CHX CN Equity,22.37B,0,,,CPV CN Equity,12.63B,,
,,,,,,,,,,,,ROYL US Equity,22.31B,626.36M,100,,PAC CN Equity,12.52B,,
,,,,,,,,,,,,SCZ CN Equity,22.02B,0,0,,RYES US Equity,12.45B,,
,,,,,,,,,,,,BDR CN Equity,21.96B,26.86M,32.86,,BHS CN Equity,12.43B,0,
,,,,,,,,,,,,BOR LN Equity,21.85B,0,,,BD1 AU Equity,12.27B,0,
,,,,,,,,,,,,SOLO LN Equity,21.78B,,,,MXSG US Equity,12.18B,,
,,,,,,,,,,,,BBLS US Equity,21.46B,168.20M,100,,HEG AU Equity,12.10B,0,
,,,,,,,,,,,,MISE SS Equity,21.36B,1.05B,100,,RG CN Equity,11.96B,0,
,,,,,,,,,,,,OYL CN Equity,21.36B,0,,,CCM CN Equity,11.96B,0,
,,,,,,,,,,,,GNF CN Equity,21.18B,33.28B,100,,HRN AU Equity,11.96B,0,
,,,,,,,,,,,,VS CN Equity,20.51B,0,,,GGM CN Equity,11.91B,0,
,,,,,,,,,,,,HME CN Equity,20.40B,4.84B,100,,SGZ LN Equity,11.74B,181.34k,100
,,,,,,,,,,,,PNO CN Equity,20.38B,0,,,ORM CN Equity,11.68B,,
,,,,,,,,,,,,PEEK CN Equity,19.41B,84.29M,100,,PXI CN Equity,11.30B,0,
,,,,,,,,,,,,AIS CN Equity,19.21B,0,,,RCO AU Equity,11.27B,511.11M,100
,,,,,,,,,,,,MDINL IT Equity,18.91B,,,,TEN CN Equity,11.06B,,
,,,,,,,,,,,,GRO CN Equity,18.90B,0,,,CVB CN Equity,11.04B,0,
,,,,,,,,,,,,UEN LN Equity,18.04B,30.78B,100,,LNY AU Equity,11.01B,0,
,,,,,,,,,,,,MEL AU Equity,18.02B,0,,,KOR AU Equity,10.83B,0,
,,,,,,,,,,,,ODY AU Equity,17.78B,0,,,NGE CN Equity,10.82B,41.97M,100
,,,,,,,,,,,,FECOF US Equity,17.59B,0,,,SFM AU Equity,10.78B,,
,,,,,,,,,,,,TVL CN Equity,17.42B,8.44B,100,,AYR AU Equity,10.74B,0,
,,,,,,,,,,,,ZEE CN Equity,17.37B,3.87B,100,,SUP CN Equity,10.74B,0,
,,,,,,,,,,,,PCL AU Equity,17.31B,0,,,GMR AU Equity,10.63B,,
,,,,,,,,,,,,BRN US Equity,16.86B,5.01B,33.88,,AGG CN Equity,10.59B,0,
,,,,,,,,,,,,ESR CN Equity,16.75B,,,,MRO CN Equity,10.49B,232.52M,100
,,,,,,,,,,,,MAH CN Equity,16.72B,566.24M,100,,BFGC US Equity,10.47B,,
,,,,,,,,,,,,HUSA US Equity,16.60B,712.43M,100,,SKP CN Equity,10.36B,0,
,,,,,,,,,,,,MQX CN Equity,16.50B,27.32B,100,,YRB CN Equity,10.35B,2.52B,100
,,,,,,,,,,,,MAY AU Equity,16.44B,0,,,MDI AU Equity,10.33B,12.60M,
,,,,,,,,,,,,IE IT Equity,16.31B,0,,,SAU AU Equity,10.31B,16.24B,100
,,,,,,,,,,,,TAN CN Equity,15.84B,167.55M,100,,RCG CN Equity,10.30B,0,
,,,,,,,,,,,,EOG LN Equity,15.65B,2.26B,100,,CLZ CN Equity,10.29B,0,
,,,,,,,,,,,,HDY LN Equity,15.54B,0,,,MLY CN Equity,10.25B,0,
,,,,,,,,,,,,PCQ CN Equity,15.08B,,,,LAD CN Equity,10.23B,0,
,,,,,,,,,,,,CUV CN Equity,15.03B,2.23B,100,,CRL AU Equity,10.16B,,
,,,,,,,,,,,,SOC PM Equity,15.00B,3.83B,100,,FEL AU Equity,10.07B,0,
,,,,,,,,,,,,ATI CN Equity,14.98B,129.94M,100,,CBK CN Equity,10.00B,,
,,,,,,,,,,,,PQ US Equity,14.54B,122.38B,100,,CY5 AU Equity,9.98B,,
,,,,,,,,,,,,USEG US Equity,14.54B,7.55B,100,,KGD AU Equity,9.89B,0,
,,,,,,,,,,,,CHGZ RM Equity,14.49B,766.90M,100,,CGM CN Equity,9.86B,0,
,,,,,,,,,,,,NRIS US Equity,14.38B,172.15M,100,,XTG CN Equity,9.85B,0,
,,,,,,,,,,,,AAOG LN Equity,14.38B,,,,NZN CN Equity,9.85B,0,
,,,,,,,,,,,,QFY AU Equity,14.16B,0,,,RVY AU Equity,9.77B,,
,,,,,,,,,,,,LOGP LN Equity,13.84B,0,,,RLG CN Equity,9.75B,0,
,,,,,,,,,,,,ICN AU Equity,13.76B,--,,,TWR CN Equity,9.48B,0,
,,,,,,,,,,,,SPI CN Equity,13.44B,280.28M,100,,CTO AU Equity,9.44B,0,
,,,,,,,,,,,,DFS CN Equity,13.37B,0,,,OMI CN Equity,9.40B,50.56B,100
,,,,,,,,,,,,BNG CN Equity,13.34B,8.31B,100,,SAM CN Equity,9.40B,21.45B,100
,,,,,,,,,,,,MYN/GB PZ Equity,13.03B,313.11M,100,,AQI AU Equity,9.35B,,
,,,,,,,,,,,,BEN/H CN Equity,12.75B,8.47M,100,,GGA CN Equity,9.35B,21.19B,100
,,,,,,,,,,,,ZAR CN Equity,12.46B,29.80B,100,,REN CN Equity,9.35B,0,
,,,,,,,,,,,,DWOG US Equity,12.29B,208.07M,100,,AAJ AU Equity,9.28B,309.18M,100
,,,,,,,,,,,,8270 HK Equity,12.26B,23.91B,80.02,,GES AU Equity,9.27B,,
,,,,,,,,,,,,GPX LN Equity,11.93B,,,,GLDN CN Equity,9.26B,,
,,,,,,,,,,,,SALV LN Equity,11.52B,0,,,BOA AU Equity,9.18B,,
,,,,,,,,,,,,BRK AU Equity,11.37B,0,,,VXL CN Equity,9.13B,0,
,,,,,,,,,,,,PTCO US Equity,11.36B,2.85M,100,,PX CN Equity,9.13B,0,
,,,,,,,,,,,,KEY AU Equity,11.28B,33.30M,100,,GLW CN Equity,9.09B,0,
,,,,,,,,,,,,TEN CN Equity,11.06B,0,,,SRI AU Equity,9.02B,0,
,,,,,,,,,,,,PFC CN Equity,10.70B,1.01B,100,,CHZ AU Equity,8.82B,0,
,,,,,,,,,,,,PLX CN Equity,10.67B,1.16B,100,,MRD AU Equity,8.76B,6.02M,100
,,,,,,,,,,,,KAYQUE BD Equity,10.62B,1.38B,97.45,,MAE CN Equity,8.72B,,
,,,,,,,,,,,,KUB CN Equity,10.58B,14.82B,100,,JAX CN Equity,8.72B,0,
,,,,,,,,,,,,MENR SP Equity,10.48B,680.71M,98.49,,MVPI US Equity,8.61B,0,
,,,,,,,,,,,,CQE CN Equity,10.33B,50.38B,100,,CN CN Equity,8.59B,0,
,,,,,,,,,,,,SGC AU Equity,10.31B,0,,,ORX CN Equity,8.37B,,
,,,,,,,,,,,,ADX AU Equity,10.12B,0,,,SOP AU Equity,8.35B,0,
,,,,,,,,,,,,ALV CN Equity,10.03B,627.23M,100,,GBM AU Equity,8.28B,0,
,,,,,,,,,,,,OY CN Equity,9.58B,0,,,ZON CN Equity,8.22B,0,
,,,,,,,,,,,,RHC CN Equity,9.53B,0,,,HMX AU Equity,8.18B,,
,,,,,,,,,,,,CYL CN Equity,9.45B,0,,,CDA CN Equity,8.06B,97.49M,100
,,,,,,,,,,,,MXC US Equity,9.37B,2.90B,100,,ELY CN Equity,8.00B,0,
,,,,,,,,,,,,MMEX US Equity,9.36B,0,,,JADE CN Equity,7.88B,0,
,,,,,,,,,,,,NTOG LN Equity,9.25B,441.49M,100,,RSL CN Equity,7.87B,0,
,,,,,,,,,,,,MOL CN Equity,9.10B,777.39M,100,,PGE CN Equity,7.83B,0,
,,,,,,,,,,,,TGC US Equity,9.04B,5.95B,100,,BAT CN Equity,7.75B,0,
,,,,,,,,,,,,BOIL LN Equity,8.80B,0,,,LEX AU Equity,7.72B,,
,,,,,,,,,,,,TDO AU Equity,8.79B,0,,,SGX CN Equity,7.70B,0,
,,,,,,,,,,,,CJC CN Equity,8.66B,0,,,BUL CN Equity,7.70B,,
,,,,,,,,,,,,BAS AU Equity,8.57B,1.64B,100,,GUN CN Equity,7.69B,0,
,,,,,,,,,,,,SAH CN Equity,8.53B,43.17M,100,,GLB CN Equity,7.64B,0,
,,,,,,,,,,,,SIE CN Equity,8.49B,0,,,AAN CN Equity,7.55B,0,
,,,,,,,,,,,,JPR AU Equity,8.45B,0,,,VVC CN Equity,7.40B,0,
,,,,,,,,,,,,RTN CN Equity,8.37B,34.25M,109.82,,ALTA CN Equity,7.37B,,
,,,,,,,,,,,,NWE AU Equity,8.34B,0,,,FEX CN Equity,7.35B,0,
,,,,,,,,,,,,XCOOQ US Equity,8.12B,320.56B,100,,THMG US Equity,7.35B,0,
,,,,,,,,,,,,OXX AU Equity,8.07B,0,,,DGO AU Equity,7.33B,0,
,,,,,,,,,,,,EVEP US Equity,7.87B,249.83B,98.93,,RDU CN Equity,7.29B,,
,,,,,,,,,,,,ALTA CN Equity,7.37B,0,,,PGC CN Equity,7.28B,2.12M,100
,,,,,,,,,,,,EW CN Equity,7.16B,1.89B,100,,AOU AU Equity,7.26B,0,
,,,,,,,,,,,,REXX US Equity,7.12B,179.85B,90.39,,AXM CN Equity,7.14B,1.14B,100
,,,,,,,,,,,,ABI SS Equity,6.94B,0,,,IHL AU Equity,7.11B,242.41M,100
,,,,,,,,,,,,WOF AU Equity,6.81B,0,,,BDI AU Equity,7.10B,,
,,,,,,,,,,,,SMB CN Equity,6.75B,0,,,SXX AU Equity,7.08B,285.67M,100
,,,,,,,,,,,,MCO CN Equity,6.71B,0,,,PUC CN Equity,7.06B,,
,,,,,,,,,,,,PKPL US Equity,6.63B,0,,,BGH AU Equity,7.05B,0,
,,,,,,,,,,,,XOP CN Equity,6.41B,,,,MUN CN Equity,7.00B,0,
,,,,,,,,,,,,AGZ CN Equity,6.37B,0,,,MAY CN Equity,6.88B,0,
,,,,,,,,,,,,AOW AU Equity,6.36B,,,,HWY CN Equity,6.88B,,
,,,,,,,,,,,,REW CN Equity,6.25B,0,,,GG CN Equity,6.79B,42.15B,100
,,,,,,,,,,,,BEY CN Equity,6.08B,60.37M,100,,MTU CN Equity,6.79B,0,
,,,,,,,,,,,,CTNR US Equity,6.05B,,,,ORM AU Equity,6.66B,0,
,,,,,,,,,,,,NZ CN Equity,5.86B,5.13B,100,,SA CN Equity,6.60B,0,
,,,,,,,,,,,,BKP AU Equity,5.79B,0,,,LIGO SP Equity,6.56B,60.22B,100
,,,,,,,,,,,,PNN CN Equity,5.70B,76.18M,100,,IMR CN Equity,6.51B,0,
,,,,,,,,,,,,DXI CN Equity,5.67B,2.16B,100,,NVO AU Equity,6.48B,,
,,,,,,,,,,,,FSNR US Equity,5.51B,13.61M,100,,CSQ CN Equity,6.47B,,
,,,,,,,,,,,,PCO CN Equity,5.43B,6.50M,100,,ELT AU Equity,6.33B,2.44M,100
,,,,,,,,,,,,EBY CN Equity,5.41B,31.89M,100,,ETMC CN Equity,6.29B,0,
,,,,,,,,,,,,WTXR US Equity,5.39B,11.55M,100,,XAG CN Equity,6.24B,0,
,,,,,,,,,,,,BDCO US Equity,5.39B,292.08B,100,,PDI AU Equity,6.21B,,
,,,,,,,,,,,,GBP AU Equity,5.17B,,,,CGNR LN Equity,6.19B,0,
,,,,,,,,,,,,NKO CN Equity,5.14B,50.96B,100,,HTR CN Equity,6.17B,0,
,,,,,,,,,,,,HE CN Equity,4.90B,2.21B,33.82,,LME CN Equity,6.16B,0,
,,,,,,,,,,,,ATLA DC Equity,4.74B,0,,,UGD CN Equity,6.15B,,
,,,,,,,,,,,,BUY AU Equity,4.70B,2.30B,100,,GMA CN Equity,6.15B,0,
,,,,,,,,,,,,UHO CN Equity,4.60B,0,,,NXM AU Equity,6.12B,181.04M,100
,,,,,,,,,,,,HOC CN Equity,4.56B,1.28B,100,,LCY AU Equity,6.04B,0,0
,,,,,,,,,,,,FPL AU Equity,4.46B,208.20M,100,,HAR CN Equity,6.02B,,
,,,,,,,,,,,,NKW CN Equity,4.35B,0,,,ARCT SS Equity,6.01B,0,
,,,,,,,,,,,,TPD AU Equity,4.19B,90.65M,100,,BRD CN Equity,5.99B,,
,,,,,,,,,,,,SSN AU Equity,4.05B,14.89B,100,,EDG CN Equity,5.95B,0,
,,,,,,,,,,,,JBR CN Equity,4.01B,0,,,ROSE LN Equity,5.93B,1.04B,100
,,,,,,,,,,,,E2E AU Equity,4.01B,5.60B,100,,TETH CN Equity,5.90B,0,
,,,,,,,,,,,,SEI CN Equity,3.90B,0,,,KGM AU Equity,5.88B,11.54M,100
,,,,,,,,,,,,HDY AU Equity,3.84B,0,,,MKR CN Equity,5.88B,0,
,,,,,,,,,,,,BRS CN Equity,3.84B,0,,,DVR CN Equity,5.84B,181.93M,100
,,,,,,,,,,,,SNV CN Equity,3.82B,,,,GRC CN Equity,5.81B,-8.36B,
,,,,,,,,,,,,HKNI US Equity,3.81B,1.04B,100,,ORO CN Equity,5.81B,,
,,,,,,,,,,,,NAUT LN Equity,3.80B,412.78M,100,,EXG CN Equity,5.80B,0,
,,,,,,,,,,,,KLE/H CN Equity,3.68B,0,,,ZMI AU Equity,5.78B,0,
,,,,,,,,,,,,LIO AU Equity,3.64B,1.19B,100,,GED AU Equity,5.76B,,
,,,,,,,,,,,,PET LN Equity,3.52B,--,,,GRL LN Equity,5.73B,,
,,,,,,,,,,,,JEC CN Equity,3.49B,6.33B,100,,AEC CN Equity,5.68B,0,
,,,,,,,,,,,,CQV/H CN Equity,3.49B,0,,,SOC CN Equity,5.67B,0,
,,,,,,,,,,,,SER AU Equity,3.45B,,,,MAD CN Equity,5.58B,0,
,,,,,,,,,,,,CEA CN Equity,3.40B,0,,,WRR CN Equity,5.57B,0,
,,,,,,,,,,,,VRY CN Equity,3.39B,0,,,TTW AU Equity,5.55B,0,
,,,,,,,,,,,,SDR CN Equity,3.31B,29.82M,100,,NIP CN Equity,5.51B,0,
,,,,,,,,,,,,NOL/H CN Equity,3.28B,0,,,OSU CN Equity,5.46B,0,
,,,,,,,,,,,,AVD AU Equity,3.22B,,,,XTM CN Equity,5.41B,194.13M,100
,,,,,,,,,,,,PMA CN Equity,3.21B,0,,,BMK CN Equity,5.30B,0,
,,,,,,,,,,,,SPK CN Equity,3.11B,0,,,TNR CN Equity,5.28B,0,
,,,,,,,,,,,,GRV AU Equity,3.07B,,,,CGM AU Equity,5.28B,0,
,,,,,,,,,,,,TPLM US Equity,3.05B,490.42B,100,,STI LN Equity,5.27B,,
,,,,,,,,,,,,MET CN Equity,2.99B,615.66M,108.59,,GMV CN Equity,5.26B,0,
,,,,,,,,,,,,MTZ CN Equity,2.98B,549.38M,100,,DEC CN Equity,5.26B,0,
,,,,,,,,,,,,GGX AU Equity,2.79B,0,,,CRB AU Equity,5.26B,,
,,,,,,,,,,,,CEI US Equity,2.68B,6.09B,100,,GOT CN Equity,5.13B,,
,,,,,,,,,,,,SARA US Equity,2.66B,55.07B,100,,DAU CN Equity,5.09B,0,
,,,,,,,,,,,,GGE AU Equity,2.52B,2.66B,100,,CGN AU Equity,5.06B,,
,,,,,,,,,,,,MCS CN Equity,2.48B,3.60B,100,,KGL CN Equity,5.00B,0,
,,,,,,,,,,,,AEGG US Equity,2.47B,0,,,SRC CN Equity,4.98B,0,
,,,,,,,,,,,,GTII US Equity,2.38B,,,,SLAU CN Equity,4.97B,0,
,,,,,,,,,,,,SPB AU Equity,2.31B,0,,,GBZ AU Equity,4.97B,79.31M,100
,,,,,,,,,,,,TRB CN Equity,2.28B,740.57M,100,,GPG CN Equity,4.95B,0,
,,,,,,,,,,,,XL CN Equity,2.26B,118.40M,100,,BKC VN Equity,4.86B,6.54B,99.84
,,,,,,,,,,,,KTE AU Equity,2.23B,,,,BZT LN Equity,4.85B,,
,,,,,,,,,,,,VUL CN Equity,2.22B,0,,,GIS CN Equity,4.85B,0,
,,,,,,,,,,,,KFG CN Equity,2.13B,1.58B,100,,AVM LN Equity,4.81B,103.91B,100
,,,,,,,,,,,,TOM LN Equity,2.11B,0,,,CLZ AU Equity,4.79B,0,
,,,,,,,,,,,,ROG AU Equity,2.00B,0,,,TRL AU Equity,4.79B,0,
,,,,,,,,,,,,PGY AU Equity,1.88B,0,,,RBR AU Equity,4.75B,1.13B,100
,,,,,,,,,,,,FPPP US Equity,1.83B,3.43B,100,,PGOL US Equity,4.73B,,
,,,,,,,,,,,,HPL CN Equity,1.75B,0,,,FRN AU Equity,4.73B,0,
,,,,,,,,,,,,LV/H CN Equity,1.69B,2.20M,100,,EU CN Equity,4.69B,,
,,,,,,,,,,,,PDQ CN Equity,1.66B,0,,,TORR CN Equity,4.68B,0,
,,,,,,,,,,,,WCE CN Equity,1.58B,1.28B,100,,RMSL US Equity,4.64B,,
,,,,,,,,,,,,EMPR US Equity,1.58B,0,,,GPM CN Equity,4.64B,0,
,,,,,,,,,,,,KYS/H CN Equity,1.56B,0,,,ALY AU Equity,4.64B,0,
,,,,,,,,,,,,PPE/H CN Equity,1.53B,67.91M,100,,BEX CN Equity,4.58B,,
,,,,,,,,,,,,XBOR US Equity,1.49B,13.00B,100,,LCD AU Equity,4.53B,0,
,,,,,,,,,,,,HAWK LN Equity,1.45B,20.90B,100,,GOG GR Equity,4.50B,,
,,,,,,,,,,,,MOO CN Equity,1.41B,0,,,FRE CN Equity,4.49B,,
,,,,,,,,,,,,CBV CN Equity,1.41B,,,,AUL CN Equity,4.48B,,
,,,,,,,,,,,,MAGP LN Equity,1.37B,,,,PGX CN Equity,4.36B,,
,,,,,,,,,,,,ECCE US Equity,1.36B,,,,MRR AU Equity,4.27B,0,
,,,,,,,,,,,,DDRI US Equity,1.36B,675.57M,100,,OOR CN Equity,4.26B,0,
,,,,,,,,,,,,HEI CN Equity,1.33B,122.42M,100,,PML LN Equity,4.26B,0,
,,,,,,,,,,,,ARET US Equity,1.31B,2.27B,99.84,,LAN CN Equity,4.25B,0,
,,,,,,,,,,,,NXI GR Equity,1.31B,384.98M,100,,BYN CN Equity,4.25B,,
,,,,,,,,,,,,CTI CN Equity,1.29B,0,,,GUL AU Equity,4.20B,,
,,,,,,,,,,,,GXR CN Equity,1.22B,1.42B,100,,ENT AU Equity,4.09B,0,
,,,,,,,,,,,,SBD CN Equity,1.17B,0,,,NZP CN Equity,4.09B,0,
,,,,,,,,,,,,CE CN Equity,1.14B,419.23M,100,,TRS CN Equity,4.05B,0,
,,,,,,,,,,,,SDE CN Equity,1.12B,711.80M,100,,GIX CN Equity,3.97B,0,
,,,,,,,,,,,,BOR CN Equity,1.07B,367.94M,100,,FCV CN Equity,3.95B,587.39M,100
,,,,,,,,,,,,NTN/H CN Equity,1.07B,0,,,GZD CN Equity,3.95B,0,
,,,,,,,,,,,,SKK CN Equity,1.02B,479.64M,100,,BGG CN Equity,3.92B,,
,,,,,,,,,,,,ALTX US Equity,942.07M,69.73M,100,,BRC CN Equity,3.90B,,
,,,,,,,,,,,,GXL CN Equity,914.51M,28.90M,100,,BCK CN Equity,3.89B,0,
,,,,,,,,,,,,CHTA CN Equity,912.10M,24.94M,100,,CMD CN Equity,3.88B,0,
,,,,,,,,,,,,MNAP US Equity,908.11M,0,,,TLRS US Equity,3.86B,,
,,,,,,,,,,,,SMOG IT Equity,845.59M,,,,GIT CN Equity,3.85B,0,
,,,,,,,,,,,,TSR/H CN Equity,829.58M,0,,,CDT AU Equity,3.83B,0,
,,,,,,,,,,,,LET CN Equity,820.67M,0,,,APLL US Equity,3.81B,0,
,,,,,,,,,,,,LNE/H CN Equity,805.72M,0,,,VEIN CN Equity,3.79B,,
,,,,,,,,,,,,ALK/H CN Equity,799.89M,0,,,GTR AU Equity,3.79B,39.28M,100
,,,,,,,,,,,,CIEIQ US Equity,785.89M,60.90B,100,,WPQ CN Equity,3.79B,0,
,,,,,,,,,,,,CV/H CN Equity,783.05M,0,,,KTA AU Equity,3.78B,0,
,,,,,,,,,,,,NUK CN Equity,748.42M,0,,,RST CN Equity,3.78B,0,
,,,,,,,,,,,,DLTA US Equity,724.73M,,,,VAL CN Equity,3.74B,0,
,,,,,,,,,,,,PTV/H CN Equity,685.38M,1.81B,100,,KBG CN Equity,3.66B,0,
,,,,,,,,,,,,IFNY US Equity,661.38M,0,,,TMX AU Equity,3.65B,0,
,,,,,,,,,,,,CHY/H CN Equity,628.69M,5.68M,100,,ESGI US Equity,3.65B,,
,,,,,,,,,,,,ERHE US Equity,617.31M,0,,,PGI AU Equity,3.60B,64.22B,100
,,,,,,,,,,,,LOGL US Equity,605.91M,727.91M,100,,SSS CN Equity,3.56B,0,
,,,,,,,,,,,,WEB CN Equity,590.21M,14.60M,100,,CQR CN Equity,3.50B,0,
,,,,,,,,,,,,GSA CN Equity,588.51M,261.76M,100,,IOD AU Equity,3.50B,95.52M,100
,,,,,,,,,,,,LRDC US Equity,584.36M,12.72B,100,,CAT CN Equity,3.47B,,
,,,,,,,,,,,,SOIGF US Equity,533.62M,0,,,DMG AU Equity,3.47B,0,
,,,,,,,,,,,,CNTO US Equity,517.47M,,,,MAS CN Equity,3.45B,0,
,,,,,,,,,,,,HLLXF US Equity,498.91M,,,,AHK AU Equity,3.43B,0,
,,,,,,,,,,,,TEK CN Equity,489.91M,1.64B,100,,TEM CN Equity,3.42B,,
,,,,,,,,,,,,SYS AU Equity,478.17M,0,,,CAP CN Equity,3.35B,,
,,,,,,,,,,,,SIML US Equity,468.67M,79.17M,100,,VAR AU Equity,3.34B,339.49M,100
,,,,,,,,,,,,KDKN US Equity,458.74M,,,,IDA AU Equity,3.25B,,
,,,,,,,,,,,,ZAZA US Equity,442.53M,12.08B,100,,BXR CN Equity,3.23B,,
,,,,,,,,,,,,ADR/H CN Equity,435.18M,0,,,SGZ CN Equity,3.21B,0,
,,,,,,,,,,,,TECO US Equity,417.53M,,,,CUL AU Equity,3.21B,103.14M,100
,,,,,,,,,,,,TAE/H CN Equity,407.21M,0,,,ATG CN Equity,3.20B,0,
,,,,,,,,,,,,DNRG US Equity,398.76M,0,,,AORO CN Equity,3.20B,0,
,,,,,,,,,,,,RDMPQ US Equity,398.15M,13.72B,100,,DYG CN Equity,3.17B,0,
,,,,,,,,,,,,TCEC US Equity,386.01M,4.79B,100,,SGN CN Equity,3.15B,49.59B,100
,,,,,,,,,,,,GLRI US Equity,381.68M,8.37B,82.17,,ANZ CN Equity,3.15B,0,
,,,,,,,,,,,,CHAG US Equity,311.28M,,,,DAF AU Equity,3.15B,0,0
,,,,,,,,,,,,BLKG US Equity,304.12M,0,,,GNG CN Equity,3.14B,0,
,,,,,,,,,,,,OCEX US Equity,287.92M,,,,HRL CN Equity,3.14B,,
,,,,,,,,,,,,HDYNQ US Equity,266.92M,0,,,EVR CN Equity,3.13B,0,
,,,,,,,,,,,,TPC CN Equity,258.25M,197.91M,100,,ONV CN Equity,3.11B,0,
,,,,,,,,,,,,BKS CN Equity,213.53M,20.46M,2.26,,OS CN Equity,3.09B,,
,,,,,,,,,,,,TAMO US Equity,198.48M,,,,MEK CN Equity,3.08B,0,
,,,,,,,,,,,,MNHD US Equity,194.11M,43.87M,100,,ALT CN Equity,3.05B,0,
,,,,,,,,,,,,TRXO US Equity,189.22M,631.82M,100,,TOE CN Equity,3.01B,0,
,,,,,,,,,,,,EUENF US Equity,185.17M,0,,,FALG ZH Equity,2.98B,,
,,,,,,,,,,,,PREGF US Equity,185.11M,0,,,KLR AU Equity,2.91B,,
,,,,,,,,,,,,IXOG US Equity,165.91M,,,,MCL CN Equity,2.87B,,
,,,,,,,,,,,,OAKR US Equity,133.93M,,,,MDX AU Equity,2.87B,0,
,,,,,,,,,,,,NFEI US Equity,132.70M,,,,ARX AU Equity,2.85B,,
,,,,,,,,,,,,BSP/H CN Equity,127.64M,,,,NME AU Equity,2.76B,0,
,,,,,,,,,,,,LCTZ US Equity,119.50M,,,,SPX CN Equity,2.67B,0,
,,,,,,,,,,,,ADNY US Equity,100.49M,,,,AIIM CN Equity,2.66B,0,
,,,,,,,,,,,,OEDVQ US Equity,93.72M,13.11B,100,,SHK AU Equity,2.64B,0,
,,,,,,,,,,,,AAPH US Equity,88.74M,,,,ECR LN Equity,2.60B,0,
,,,,,,,,,,,,DLOV US Equity,85.45M,,,,SEK CN Equity,2.56B,0,
,,,,,,,,,,,,COHG US Equity,83.86M,,,,DAU AU Equity,2.46B,0,
,,,,,,,,,,,,ESCRQ US Equity,75.13M,35.93B,90.6,,TYK AU Equity,2.37B,,
,,,,,,,,,,,,GMET US Equity,69.48M,0,,,NXS CN Equity,2.35B,,
,,,,,,,,,,,,XCTGF US Equity,33.22M,0,,,GCN CN Equity,2.34B,0,
,,,,,,,,,,,,PSTRQ US Equity,28.09M,25.82B,30.83,,EAS CN Equity,2.27B,0,
,,,,,,,,,,,,LBYE US Equity,21.90M,11.21M,100,,PAL CN Equity,2.25B,0,
,,,,,,,,,,,,IGPG US Equity,13.24M,,,,LMR CN Equity,2.25B,0,
,,,,,,,,,,,,GLRP US Equity,6.94M,,,,MGI CN Equity,2.15B,0,
,,,,,,,,,,,,WNWG US Equity,2.31M,,,,KNG CN Equity,2.13B,0,
,,,,,,,,,,,,GGLR US Equity,1.99M,,,,SGM CN Equity,2.09B,0,
,,,,,,,,,,,,IVANF US Equity,1.76M,,,,AYM AU Equity,2.09B,4.01M,
,,,,,,,,,,,,TXHE US Equity,26.97k,,,,KGC CN Equity,2.06B,0,
,,,,,,,,,,,,,,,,,TRM AU Equity,2.00B,0,
,,,,,,,,,,,,,,,,,SIC CN Equity,1.96B,0,
,,,,,,,,,,,,,,,,,CUI CN Equity,1.96B,,
,,,,,,,,,,,,,,,,,JOR CN Equity,1.94B,,
,,,,,,,,,,,,,,,,,IXI CN Equity,1.94B,,
,,,,,,,,,,,,,,,,,ACS AU Equity,1.94B,0,
,,,,,,,,,,,,,,,,,AGO CN Equity,1.93B,0,
,,,,,,,,,,,,,,,,,NL CN Equity,1.90B,0,
,,,,,,,,,,,,,,,,,TCO CN Equity,1.84B,,
,,,,,,,,,,,,,,,,,TAK CN Equity,1.83B,0,
,,,,,,,,,,,,,,,,,FGC CN Equity,1.77B,0,
,,,,,,,,,,,,,,,,,SGA CN Equity,1.77B,,
,,,,,,,,,,,,,,,,,DHC CN Equity,1.76B,0,
,,,,,,,,,,,,,,,,,VRDR US Equity,1.75B,934.30M,100
,,,,,,,,,,,,,,,,,CONE CN Equity,1.72B,,
,,,,,,,,,,,,,,,,,SBU AU Equity,1.72B,0,
,,,,,,,,,,,,,,,,,EZNC/H CN Equity,1.71B,0,
,,,,,,,,,,,,,,,,,WRI CN Equity,1.69B,0,
,,,,,,,,,,,,,,,,,ATV CN Equity,1.66B,0,
,,,,,,,,,,,,,,,,,LNC CN Equity,1.66B,0,
,,,,,,,,,,,,,,,,,BSRAF US Equity,1.54B,,
,,,,,,,,,,,,,,,,,CRB CN Equity,1.54B,0,
,,,,,,,,,,,,,,,,,ETF CN Equity,1.51B,0,
,,,,,,,,,,,,,,,,,RRM/H CN Equity,1.44B,0,
,,,,,,,,,,,,,,,,,THH CN Equity,1.44B,0,
,,,,,,,,,,,,,,,,,AAX CN Equity,1.42B,0,
,,,,,,,,,,,,,,,,,MIC VN Equity,1.40B,6.24B,100
,,,,,,,,,,,,,,,,,FMG CN Equity,1.36B,,
,,,,,,,,,,,,,,,,,EVG CN Equity,1.36B,0,
,,,,,,,,,,,,,,,,,FG CN Equity,1.30B,,
,,,,,,,,,,,,,,,,,MIS CN Equity,1.28B,0,
,,,,,,,,,,,,,,,,,NMG CN Equity,1.25B,0,
,,,,,,,,,,,,,,,,,GCC/H CN Equity,1.19B,0,
,,,,,,,,,,,,,,,,,HRC CN Equity,1.19B,0,
,,,,,,,,,,,,,,,,,NSX CN Equity,1.17B,,
,,,,,,,,,,,,,,,,,VGD CN Equity,1.15B,0,
,,,,,,,,,,,,,,,,,LMG CN Equity,1.14B,0,
,,,,,,,,,,,,,,,,,CLB CN Equity,1.13B,0,
,,,,,,,,,,,,,,,,,DMR CN Equity,1.11B,0,
,,,,,,,,,,,,,,,,,NWIFF US Equity,1.10B,0,
,,,,,,,,,,,,,,,,,GBGD US Equity,1.09B,0,
,,,,,,,,,,,,,,,,,GNH CN Equity,1.09B,0,
,,,,,,,,,,,,,,,,,MNY CN Equity,1.08B,,
,,,,,,,,,,,,,,,,,DPH CN Equity,1.06B,0,
,,,,,,,,,,,,,,,,,WRP CN Equity,1.06B,,
,,,,,,,,,,,,,,,,,LEN CN Equity,1.06B,0,
,,,,,,,,,,,,,,,,,PMMEF US Equity,1.03B,,
,,,,,,,,,,,,,,,,,TYE CN Equity,1.03B,0,
,,,,,,,,,,,,,,,,,RTM CN Equity,1.02B,0,
,,,,,,,,,,,,,,,,,PLC AU Equity,989.63M,0,
,,,,,,,,,,,,,,,,,KAP CN Equity,986.65M,0,
,,,,,,,,,,,,,,,,,EMR CN Equity,972.57M,,
,,,,,,,,,,,,,,,,,CIP/H CN Equity,970.69M,4.46M,100
,,,,,,,,,,,,,,,,,BMM CN Equity,951.16M,0,
,,,,,,,,,,,,,,,,,ASI CN Equity,933.48M,0,
,,,,,,,,,,,,,,,,,VAX CN Equity,914.10M,0,
,,,,,,,,,,,,,,,,,ORS CN Equity,874.39M,0,
,,,,,,,,,,,,,,,,,CYUR US Equity,838.09M,,
,,,,,,,,,,,,,,,,,RBX AU Equity,791.29M,9.67B,100
,,,,,,,,,,,,,,,,,TGR CN Equity,739.14M,0,
,,,,,,,,,,,,,,,,,MGL IN Equity,662.06M,,
,,,,,,,,,,,,,,,,,SFMI US Equity,641.34M,,
,,,,,,,,,,,,,,,,,TZM/H CN Equity,607.13M,0,
,,,,,,,,,,,,,,,,,IRC CN Equity,588.17M,0,
,,,,,,,,,,,,,,,,,MDO CN Equity,543.72M,0,
,,,,,,,,,,,,,,,,,BGL CN Equity,528.53M,0,
,,,,,,,,,,,,,,,,,SPXP US Equity,514.80M,,
,,,,,,,,,,,,,,,,,WGX/H CN Equity,486.44M,,
,,,,,,,,,,,,,,,,,TRM CN Equity,476.48M,0,
,,,,,,,,,,,,,,,,,GLDN US Equity,431.64M,,
,,,,,,,,,,,,,,,,,NGUGF US Equity,393.84M,,
,,,,,,,,,,,,,,,,,SPAG US Equity,367.59M,,
,,,,,,,,,,,,,,,,,AMNP US Equity,344.10M,,
,,,,,,,,,,,,,,,,,SHJ CN Equity,341.02M,0,
,,,,,,,,,,,,,,,,,AGL CN Equity,336.68M,0,
,,,,,,,,,,,,,,,,,BRG/H CN Equity,323.76M,0,
,,,,,,,,,,,,,,,,,GHR/H CN Equity,311.78M,0,
,,,,,,,,,,,,,,,,,CZ/H CN Equity,300.91M,,
,,,,,,,,,,,,,,,,,SNEY US Equity,297.60M,0,
,,,,,,,,,,,,,,,,,SUI/H CN Equity,292.25M,,
,,,,,,,,,,,,,,,,,VCPS US Equity,287.14M,0,
,,,,,,,,,,,,,,,,,RGZ/H CN Equity,246.33M,0,
,,,,,,,,,,,,,,,,,PGS/H CN Equity,234.26M,0,
,,,,,,,,,,,,,,,,,MTN/H CN Equity,220.29M,,
,,,,,,,,,,,,,,,,,GCX/H CN Equity,207.49M,,
,,,,,,,,,,,,,,,,,YNGFF US Equity,165.48M,,
,,,,,,,,,,,,,,,,,PTTN US Equity,131.14M,,
,,,,,,,,,,,,,,,,,PLLVF US Equity,108.65M,,
,,,,,,,,,,,,,,,,,RNGC US Equity,82.36M,,
,,,,,,,,,,,,,,,,,COLUF US Equity,56.38M,,
,,,,,,,,,,,,,,,,,CIBG US Equity,4.81M,,
,,,,,,,,,,,,,,,,,,,,
,,,,,,,,,,,,,,,,,,,,
,,,,,,,,,,,,,,,,,,,,
,,,,,,,,,,,,,,,,,,,,
,,,,,,,,,,,,,,,,,,,,
,,,,,,,,,,,,,,,,,,,,
,,,,,,,,,,,,,,,,,,,,
,,,,,,,,,,,,,,,,,,,,
,,,,,,,,,,,,,,,,,,,,
,,,,,,,,,,,,,,,,,,,,
,,,,,,,,,,,,,,,,,,,,
,,,,,,,,,,,,,,,,,,,,
,,,,,,,,,,,,,,,,,,,,
,,,,,,,,,,,,,,,,,,,,
,,,,,,,,,,,,,,,,,,,,
,,,,,,,,,,,,,,,,,,,,
,,,,,,,,,,,,,,,,,,,,
,,,,,,,,,,,,,,,,,,,,
,,,,,,,,,,,,,,,,,,,,
,,,,,,,,,,,,,,,,,,,,
,,,,,,,,,,,,,,,,,,,,
,,,,,,,,,,,,,,,,,,,,
,,,,,,,,,,,,,,,,,,,,
,,,,,,,,,,,,,,,,,,,,
,,,,,,,,,,,,,,,,,,,,
,,,,,,,,,,,,,,,,,,,,
,,,,,,,,,,,,,,,,,,,,
,,,,,,,,,,,,,,,,,,,,
,,,,,,,,,,,,,,,,,,,,
,,,,,,,,,,,,,,,,,,,,
,,,,,,,,,,,,,,,,,,,,
,,,,,,,,,,,,,,,,,,,,
,,,,,,,,,,,,,,,,,,,,
,,,,,,,,,,,,,,,,,,,,
,,,,,,,,,,,,,,,,,,,,
,,,,,,,,,,,,,,,,,,,,
,,,,,,,,,,,,,,,,,,,,
,,,,,,,,,,,,,,,,,,,,
,,,,,,,,,,,,,,,,,,,,
,,,,,,,,,,,,,,,,,,,,
,,,,,,,,,,,,,,,,,,,,
,,,,,,,,,,,,,,,,,,,,
,,,,,,,,,,,,,,,,,,,,
,,,,,,,,,,,,,,,,,,,,
,,,,,,,,,,,,,,,,,,,,
,,,,,,,,,,,,,,,,,,,,
,,,,,,,,,,,,,,,,,,,,
,,,,,,,,,,,,,,,,,,,,
,,,,,,,,,,,,,,,,,,,,
,,,,,,,,,,,,,,,,,,,,
,,,,,,,,,,,,,,,,,,,,
,,,,,,,,,,,,,,,,,,,,
,,,,,,,,,,,,,,,,,,,,
,,,,,,,,,,,,,,,,,,,,
,,,,,,,,,,,,,,,,,,,,
,,,,,,,,,,,,,,,,,,,,
,,,,,,,,,,,,,,,,,,,,
,,,,,,,,,,,,,,,,,,,,
,,,,,,,,,,,,,,,,,,,,
,,,,,,,,,,,,,,,,,,,,
,,,,,,,,,,,,,,,,,,,,
,,,,,,,,,,,,,,,,,,,,
,,,,,,,,,,,,,,,,,,,,
,,,,,,,,,,,,,,,,,,,,
,,,,,,,,,,,,,,,,,,,,
,,,,,,,,,,,,,,,,,,,,
,,,,,,,,,,,,,,,,,,,,
,,,,,,,,,,,,,,,,,,,,
,,,,,,,,,,,,,,,,,,,,
,,,,,,,,,,,,,,,,,,,,
,,,,,,,,,,,,,,,,,,,,
,,,,,,,,,,,,,,,,,,,,
,,,,,,,,,,,,,,,,,,,,
,,,,,,,,,,,,,,,,,,,,
,,,,,,,,,,,,,,,,,,,,
,,,,,,,,,,,,,,,,,,,,
,,,,,,,,,,,,,,,,,,,,
,,,,,,,,,,,,,,,,,,,,
,,,,,,,,,,,,,,,,,,,,
,,,,,,,,,,,,,,,,,,,,
,,,,,,,,,,,,,,,,,,,,
,,,,,,,,,,,,,,,,,,,,
,,,,,,,,,,,,,,,,,,,,
,,,,,,,,,,,,,,,,,,,,
,,,,,,,,,,,,,,,,,,,,
,,,,,,,,,,,,,,,,,,,,
,,,,,,,,,,,,,,,,,,,,
,,,,,,,,,,,,,,,,,,,,
,,,,,,,,,,,,,,,,,,,,
,,,,,,,,,,,,,,,,,,,,
,,,,,,,,,,,,,,,,,,,,
,,,,,,,,,,,,,,,,,,,,
,,,,,,,,,,,,,,,,,,,,
,,,,,,,,,,,,,,,,,,,,
,,,,,,,,,,,,,,,,,,,,
,,,,,,,,,,,,,,,,,,,,
,,,,,,,,,,,,,,,,,,,,
,,,,,,,,,,,,,,,,,,,,
,,,,,,,,,,,,,,,,,,,,
,,,,,,,,,,,,,,,,,,,,
,,,,,,,,,,,,,,,,,,,,
,,,,,,,,,,,,,,,,,,,,
,,,,,,,,,,,,,,,,,,,,
,,,,,,,,,,,,,,,,,,,,
,,,,,,,,,,,,,,,,,,,,
,,,,,,,,,,,,,,,,,,,,
,,,,,,,,,,,,,,,,,,,,
,,,,,,,,,,,,,,,,,,,,
,,,,,,,,,,,,,,,,,,,,
,,,,,,,,,,,,,,,,,,,,
,,,,,,,,,,,,,,,,,,,,
,,,,,,,,,,,,,,--,,,,,,
